10385,2022-10-13 00:00,F7,OUT Correction,-100,TRUE,Correction Bought VA,TRUE,-100,OUT Correction
10340,2022-09-01 00:00,VA,OUT Correction,-100,TRUE,Correction Bought VA,TRUE,-100,OUT Correction
28781,2022-12-15 00:00,VA,OUT Correction,-100,TRUE,Correction Bought VA,TRUE,-100,OUT Correction
28781,2022-12-16 00:00,VA,OUT Correction,-100,TRUE,Correction Bought VA,TRUE,-100,OUT Correction
28781,2022-12-18 00:00,VA,OUT Correction,-100,TRUE,Correction Bought VA,TRUE,-100,OUT Correction
10304,2022-04-13 00:00,VA,OUT Correction,-100,TRUE,Correction Bought VA,TRUE,-100,OUT Correction
16605,2022-03-14 00:00,VA,OUT Correction,-100,TRUE,Correction Bought VA,TRUE,-100,OUT Correction
16605,2022-03-13 00:00,VA,OUT Correction,-100,TRUE,Correction Bought VA,TRUE,-100,OUT Correction
16605,2022-01-31 00:00,VA,OUT Correction,-100,TRUE,Correction Bought VA,TRUE,-100,OUT Correction
12914,2022-11-17 00:00,VA,OUT Correction,-100,TRUE,Correction Bought VA,TRUE,-100,OUT Correction
12914,2022-11-14 00:00,F7,OUT Correction,-100,TRUE,Correction Bought VA,TRUE,-100,OUT Correction
12914,2022-09-14 00:00,VA,OUT Correction,-100,TRUE,Correction Bought VA,TRUE,-100,OUT Correction
12914,2022-09-13 00:00,VA,OUT Correction,-100,TRUE,Correction Bought VA,TRUE,-100,OUT Correction
12914,2022-09-07 00:00,VA,OUT Correction,-100,TRUE,Correction Bought VA,TRUE,-100,OUT Correction
12914,2022-09-05 00:00,VA,OUT Correction,-100,TRUE,Correction Bought VA,TRUE,-100,OUT Correction
12914,2022-09-04 00:00,VA,OUT Correction,-100,TRUE,Correction Bought VA,TRUE,-100,OUT Correction
12914,2022-09-02 00:00,VA,OUT Correction,-100,TRUE,Correction Bought VA,TRUE,-100,OUT Correction
12914,2022-09-01 00:00,VA,OUT Correction,-100,TRUE,Correction Bought VA,TRUE,-100,OUT Correction
12912,2022-12-01 00:00,VA,OUT Correction,-100,TRUE,Correction Bought VA,TRUE,-100,OUT Correction
16138,2022-12-21 00:00,F7,OUT Correction,-100,TRUE,Correction Bought VA,TRUE,-100,OUT Correction
16138,2022-08-12 00:00,VA,OUT Correction,-100,TRUE,Correction Bought VA,TRUE,-100,OUT Correction
16138,2022-08-11 00:00,VA,OUT Correction,-100,TRUE,Correction Bought VA,TRUE,-100,OUT Correction
16138,2022-08-10 00:00,VA,OUT Correction,-100,TRUE,Correction Bought VA,TRUE,-100,OUT Correction
16138,2022-07-31 00:00,VA,OUT Correction,-100,TRUE,Correction Bought VA,TRUE,-100,OUT Correction
16138,2022-07-30 00:00,VA,OUT Correction,-100,TRUE,Correction Bought VA,TRUE,-100,OUT Correction
16138,2022-04-25 00:00,VA,OUT Correction,-100,TRUE,Correction Bought VA,TRUE,-100,OUT Correction
16138,2022-04-24 00:00,VA,OUT Correction,-100,TRUE,Correction Bought VA,TRUE,-100,OUT Correction
19695,2022-11-23 00:00,VA,OUT Correction,-100,TRUE,Correction Bought VA,TRUE,-100,OUT Correction
19695,2022-06-21 00:00,VA,OUT Correction,-100,TRUE,Correction Bought VA,TRUE,-100,OUT Correction
19695,2022-06-20 00:00,VA,OUT Correction,-100,TRUE,Correction Bought VA,TRUE,-100,OUT Correction
15640,2022-12-27 00:00,F7,OUT Correction,-100,TRUE,Correction Bought VA,TRUE,-100,OUT Correction
14903,2022-11-15 00:00,F7,OUT Correction,-100,TRUE,Correction Bought VA,TRUE,-100,OUT Correction
14903,2022-11-14 00:00,F7,OUT Correction,-100,TRUE,Correction Bought VA,TRUE,-100,OUT Correction
14903,2022-10-19 00:00,VA,OUT Correction,-100,TRUE,Correction Bought VA,TRUE,-100,OUT Correction
14903,2022-10-18 00:00,VA,OUT Correction,-100,TRUE,Correction Bought VA,TRUE,-100,OUT Correction
14108,2022-10-14 00:00,VA,OUT Correction,-100,TRUE,Correction Bought VA,TRUE,-100,OUT Correction
14108,2022-10-13 00:00,VA,OUT Correction,-100,TRUE,Correction Bought VA,TRUE,-100,OUT Correction
12451,2022-12-11 00:00,F7,OUT Correction,-100,TRUE,Correction Bought VA,TRUE,-100,OUT Correction
12451,2022-08-12 00:00,VA,OUT Correction,-100,TRUE,Correction Bought VA,TRUE,-100,OUT Correction
12451,2022-08-11 00:00,VA,OUT Correction,-100,TRUE,Correction Bought VA,TRUE,-100,OUT Correction
12451,2022-08-08 00:00,VA,OUT Correction,-100,TRUE,Correction Bought VA,TRUE,-100,OUT Correction
45217,2022-11-20 00:00,VA,OUT Correction,-100,TRUE,Correction Bought VA,TRUE,-100,OUT Correction
45217,2022-11-18 00:00,VA,OUT Correction,-100,TRUE,Correction Bought VA,TRUE,-100,OUT Correction
45217,2022-11-14 00:00,VA,OUT Correction,-100,TRUE,Correction Bought VA,TRUE,-100,OUT Correction
45217,2022-11-12 00:00,VA,OUT Correction,-100,TRUE,Correction Bought VA,TRUE,-100,OUT Correction
45217,2022-11-10 00:00,VA,OUT Correction,-100,TRUE,Correction Bought VA,TRUE,-100,OUT Correction
45217,2022-09-15 00:00,VA,OUT Correction,-100,TRUE,Correction Bought VA,TRUE,-100,OUT Correction
45217,2022-09-14 00:00,VA,OUT Correction,-100,TRUE,Correction Bought VA,TRUE,-100,OUT Correction
45217,2022-09-12 00:00,VA,OUT Correction,-100,TRUE,Correction Bought VA,TRUE,-100,OUT Correction
45217,2022-09-11 00:00,VA,OUT Correction,-100,TRUE,Correction Bought VA,TRUE,-100,OUT Correction
45217,2022-09-10 00:00,VA,OUT Correction,-100,TRUE,Correction Bought VA,TRUE,-100,OUT Correction
45217,2022-09-07 00:00,VA,OUT Correction,-100,TRUE,Correction Bought VA,TRUE,-100,OUT Correction
45217,2022-09-03 00:00,VA,OUT Correction,-100,TRUE,Correction Bought VA,TRUE,-100,OUT Correction
45217,2022-09-02 00:00,VA,OUT Correction,-100,TRUE,Correction Bought VA,TRUE,-100,OUT Correction
45217,2022-09-01 00:00,VA,OUT Correction,-100,TRUE,Correction Bought VA,TRUE,-100,OUT Correction
45217,2022-08-29 00:00,VA,OUT Correction,-100,TRUE,Correction Bought VA,TRUE,-100,OUT Correction
45217,2022-08-28 00:00,VA,OUT Correction,-100,TRUE,Correction Bought VA,TRUE,-100,OUT Correction
45217,2022-01-14 00:00,F7,OUT Correction,-100,TRUE,Correction Bought VA,TRUE,-100,OUT Correction
45217,2022-01-13 00:00,F7,OUT Correction,-100,TRUE,Correction Bought VA,TRUE,-100,OUT Correction
45217,2022-01-11 00:00,F7,OUT Correction,-100,TRUE,Correction Bought VA,TRUE,-100,OUT Correction
45217,2022-01-10 00:00,F7,OUT Correction,-100,TRUE,Correction Bought VA,TRUE,-100,OUT Correction
18150,2022-11-21 00:00,VA,OUT Correction,-100,TRUE,Correction Bought VA,TRUE,-100,OUT Correction
18150,2022-01-31 00:00,VA,OUT Correction,-100,TRUE,Correction Bought VA,TRUE,-100,OUT Correction
17936,2022-09-05 00:00,VA,OUT Correction,-100,TRUE,Correction Bought VA,TRUE,-100,OUT Correction
17936,2022-09-04 00:00,VA,OUT Correction,-100,TRUE,Correction Bought VA,TRUE,-100,OUT Correction
17936,2022-09-03 00:00,VA,OUT Correction,-100,TRUE,Correction Bought VA,TRUE,-100,OUT Correction
17936,2022-09-02 00:00,VA,OUT Correction,-100,TRUE,Correction Bought VA,TRUE,-100,OUT Correction
17936,2022-09-01 00:00,VA,OUT Correction,-100,TRUE,Correction Bought VA,TRUE,-100,OUT Correction
17936,2022-02-18 00:00,F7,OUT Correction,-100,TRUE,Correction Bought VA,TRUE,-100,OUT Correction
17936,2022-02-17 00:00,F7,OUT Correction,-100,TRUE,Correction Bought VA,TRUE,-100,OUT Correction
49160,2022-08-31 00:00,VA,OUT Correction,-100,TRUE,Correction Bought VA,TRUE,-100,OUT Correction
49160,2022-08-30 00:00,VA,OUT Correction,-100,TRUE,Correction Bought VA,TRUE,-100,OUT Correction
49134,2022-11-21 00:00,F7,OUT Correction,-100,TRUE,Correction Bought VA,TRUE,-100,OUT Correction
49134,2022-07-25 00:00,VA,OUT Correction,-100,TRUE,Correction Bought VA,TRUE,-100,OUT Correction
49134,2022-07-24 00:00,VA,OUT Correction,-100,TRUE,Correction Bought VA,TRUE,-100,OUT Correction
49134,2022-03-16 00:00,VA,OUT Correction,-100,TRUE,Correction Bought VA,TRUE,-100,OUT Correction
49134,2022-03-13 00:00,VA,OUT Correction,-100,TRUE,Correction Bought VA,TRUE,-100,OUT Correction
49126,2022-03-14 00:00,VA,OUT Correction,-100,TRUE,Correction Bought VA,TRUE,-100,OUT Correction
49116,2022-01-19 00:00,F7,OUT Correction,-100,TRUE,Correction Bought VA,TRUE,-100,OUT Correction
49116,2022-01-18 00:00,F7,OUT Correction,-100,TRUE,Correction Bought VA,TRUE,-100,OUT Correction
44551,2022-11-18 00:00,VA,OUT Correction,-100,TRUE,Correction Bought VA,TRUE,-100,OUT Correction
44551,2022-11-17 00:00,VA,OUT Correction,-100,TRUE,Correction Bought VA,TRUE,-100,OUT Correction
44551,2022-11-16 00:00,VA,OUT Correction,-100,TRUE,Correction Bought VA,TRUE,-100,OUT Correction
44551,2022-10-06 00:00,F7,OUT Correction,-100,TRUE,Correction Bought VA,TRUE,-100,OUT Correction
44551,2022-10-05 00:00,F7,OUT Correction,-100,TRUE,Correction Bought VA,TRUE,-100,OUT Correction
41611,2022-03-03 00:00,VA,OUT Correction,-100,TRUE,Correction Bought VA,TRUE,-100,OUT Correction
41611,2022-03-02 00:00,VA,OUT Correction,-100,TRUE,Correction Bought VA,TRUE,-100,OUT Correction
42876,2022-09-10 00:00,VA,OUT Correction,-100,TRUE,Correction Bought VA,TRUE,-100,OUT Correction
42876,2022-04-14 00:00,VA,OUT Correction,-100,TRUE,Correction Bought VA,TRUE,-100,OUT Correction
42876,2022-04-13 00:00,VA,OUT Correction,-100,TRUE,Correction Bought VA,TRUE,-100,OUT Correction
42172,2022-11-24 00:00,VA,OUT Correction,-100,TRUE,Correction Bought VA,TRUE,-100,OUT Correction
42172,2022-11-23 00:00,VA,OUT Correction,-100,TRUE,Correction Bought VA,TRUE,-100,OUT Correction
10958,2022-12-14 00:00,VA,OUT Correction,-100,TRUE,Correction Bought VA,TRUE,-100,OUT Correction
10958,2022-12-13 00:00,VA,OUT Correction,-100,TRUE,Correction Bought VA,TRUE,-100,OUT Correction
10958,2022-12-08 00:00,F7,OUT Correction,-100,TRUE,Correction Bought VA,TRUE,-100,OUT Correction
10958,2022-04-28 00:00,VA,OUT Correction,-100,TRUE,Correction Bought VA,TRUE,-100,OUT Correction
10968,2022-12-16 00:00,F7,OUT Correction,-100,TRUE,Correction Bought VA,TRUE,-100,OUT Correction
17095,2022-10-31 00:00,F7,OUT Correction,-100,TRUE,Correction Bought VA,TRUE,-100,OUT Correction
17095,2022-10-30 00:00,F7,OUT Correction,-100,TRUE,Correction Bought VA,TRUE,-100,OUT Correction
17095,2022-05-29 00:00,VA,OUT Correction,-100,TRUE,Correction Bought VA,TRUE,-100,OUT Correction
14511,2022-08-11 00:00,VA,OUT Correction,-100,TRUE,Correction Bought VA,TRUE,-100,OUT Correction
14511,2022-08-13 00:00,VA,OUT Correction,-100,TRUE,Correction Bought VA,TRUE,-100,OUT Correction
14511,2022-08-14 00:00,VA,OUT Correction,-100,TRUE,Correction Bought VA,TRUE,-100,OUT Correction
14511,2022-08-15 00:00,VA,OUT Correction,-100,TRUE,Correction Bought VA,TRUE,-100,OUT Correction
14511,2022-08-17 00:00,VA,OUT Correction,-100,TRUE,Correction Bought VA,TRUE,-100,OUT Correction
14511,2022-08-19 00:00,VA,OUT Correction,-100,TRUE,Correction Bought VA,TRUE,-100,OUT Correction
14511,2022-08-20 00:00,VA,OUT Correction,-100,TRUE,Correction Bought VA,TRUE,-100,OUT Correction
14511,2022-08-21 00:00,VA,OUT Correction,-100,TRUE,Correction Bought VA,TRUE,-100,OUT Correction
17095,2022-01-09 00:00,VA,OUT Correction,-100,TRUE,Correction Bought VA,TRUE,-100,OUT Correction
10494,2022-01-03 00:00,F7,OUT Correction,-100,TRUE,Correction Bought VA,TRUE,-100,OUT Correction
16321,2022-11-02 00:00,F7,OUT Correction,-100,TRUE,Correction Bought VA,TRUE,-100,OUT Correction
16321,2022-11-01 00:00,F7,OUT Correction,-100,TRUE,Correction Bought VA,TRUE,-100,OUT Correction
16321,2022-10-31 00:00,F7,OUT Correction,-100,TRUE,Correction Bought VA,TRUE,-100,OUT Correction
16321,2022-08-03 00:00,VA,OUT Correction,-100,TRUE,Correction Bought VA,TRUE,-100,OUT Correction
16321,2022-08-02 00:00,VA,OUT Correction,-100,TRUE,Correction Bought VA,TRUE,-100,OUT Correction
16321,2022-02-28 00:00,VA,OUT Correction,-100,TRUE,Correction Bought VA,TRUE,-100,OUT Correction
16321,2022-01-06 00:00,F7,OUT Correction,-100,TRUE,Correction Bought VA,TRUE,-100,OUT Correction
16321,2022-01-05 00:00,F7,OUT Correction,-100,TRUE,Correction Bought VA,TRUE,-100,OUT Correction
26769,2022-09-12 00:00,VA,OUT Correction,-100,TRUE,Correction Bought VA,TRUE,-100,OUT Correction
26769,2022-09-11 00:00,VA,OUT Correction,-100,TRUE,Correction Bought VA,TRUE,-100,OUT Correction
26769,2022-09-07 00:00,VA,OUT Correction,-100,TRUE,Correction Bought VA,TRUE,-100,OUT Correction
26769,2022-09-06 00:00,VA,OUT Correction,-100,TRUE,Correction Bought VA,TRUE,-100,OUT Correction
26769,2022-09-04 00:00,VA,OUT Correction,-100,TRUE,Correction Bought VA,TRUE,-100,OUT Correction
26769,2022-09-03 00:00,VA,OUT Correction,-100,TRUE,Correction Bought VA,TRUE,-100,OUT Correction
26387,2022-11-14 00:00,VA,OUT Correction,-100,TRUE,Correction Bought VA,TRUE,-100,OUT Correction
26387,2022-11-13 00:00,VA,OUT Correction,-100,TRUE,Correction Bought VA,TRUE,-100,OUT Correction
26387,2022-07-31 00:00,VA,OUT Correction,-100,TRUE,Correction Bought VA,TRUE,-100,OUT Correction
26387,2022-07-30 00:00,VA,OUT Correction,-100,TRUE,Correction Bought VA,TRUE,-100,OUT Correction
26387,2022-07-29 00:00,VA,OUT Correction,-100,TRUE,Correction Bought VA,TRUE,-100,OUT Correction
26387,2022-04-09 00:00,VA,OUT Correction,-100,TRUE,Correction Bought VA,TRUE,-100,OUT Correction
26387,2022-04-08 00:00,VA,OUT Correction,-100,TRUE,Correction Bought VA,TRUE,-100,OUT Correction
16087,2022-11-06 00:00,VA,OUT Correction,-100,TRUE,Correction Bought VA,TRUE,-100,OUT Correction
16087,2022-11-05 00:00,VA,OUT Correction,-100,TRUE,Correction Bought VA,TRUE,-100,OUT Correction
16087,2022-11-04 00:00,VA,OUT Correction,-100,TRUE,Correction Bought VA,TRUE,-100,OUT Correction
16087,2022-10-28 00:00,F7,OUT Correction,-100,TRUE,Correction Bought VA,TRUE,-100,OUT Correction
16087,2022-10-27 00:00,F7,OUT Correction,-100,TRUE,Correction Bought VA,TRUE,-100,OUT Correction
16087,2022-08-23 00:00,VA,OUT Correction,-100,TRUE,Correction Bought VA,TRUE,-100,OUT Correction
16087,2022-08-22 00:00,VA,OUT Correction,-100,TRUE,Correction Bought VA,TRUE,-100,OUT Correction
16087,2022-08-21 00:00,VA,OUT Correction,-100,TRUE,Correction Bought VA,TRUE,-100,OUT Correction
16087,2022-04-25 00:00,VA,OUT Correction,-100,TRUE,Correction Bought VA,TRUE,-100,OUT Correction
16087,2022-04-24 00:00,VA,OUT Correction,-100,TRUE,Correction Bought VA,TRUE,-100,OUT Correction
16087,2022-03-03 00:00,VA,OUT Correction,-100,TRUE,Correction Bought VA,TRUE,-100,OUT Correction
16274,2022-01-09 00:00,F7,OUT Correction,-100,TRUE,Correction Bought VA,TRUE,-100,OUT Correction
16274,2022-01-08 00:00,F7,OUT Correction,-100,TRUE,Correction Bought VA,TRUE,-100,OUT Correction
16271,2022-02-27 00:00,VA,OUT Correction,-100,TRUE,Correction Bought VA,TRUE,-100,OUT Correction
16254,2022-05-15 00:00,VA,OUT Correction,-100,TRUE,Correction Bought VA,TRUE,-100,OUT Correction
16251,2022-12-01 00:00,VA,OUT Correction,-100,TRUE,Correction Bought VA,TRUE,-100,OUT Correction
16241,2022-11-29 00:00,VA,OUT Correction,-100,TRUE,Correction Bought VA,TRUE,-100,OUT Correction
16241,2022-11-28 00:00,VA,OUT Correction,-100,TRUE,Correction Bought VA,TRUE,-100,OUT Correction
16241,2022-11-27 00:00,VA,OUT Correction,-100,TRUE,Correction Bought VA,TRUE,-100,OUT Correction
16086,2022-10-11 00:00,F7,OUT Correction,-100,TRUE,Correction Bought VA,TRUE,-100,OUT Correction
16086,2022-08-21 00:00,VA,OUT Correction,-100,TRUE,Correction Bought VA,TRUE,-100,OUT Correction
16086,2022-06-03 00:00,VA,OUT Correction,-100,TRUE,Correction Bought VA,TRUE,-100,OUT Correction
16722,2022-12-08 00:00,VA,OUT Correction,-100,TRUE,Correction Bought VA,TRUE,-100,OUT Correction
16722,2022-08-06 00:00,VA,OUT Correction,-100,TRUE,Correction Bought VA,TRUE,-100,OUT Correction
16722,2022-08-05 00:00,VA,OUT Correction,-100,TRUE,Correction Bought VA,TRUE,-100,OUT Correction
16722,2022-08-04 00:00,VA,OUT Correction,-100,TRUE,Correction Bought VA,TRUE,-100,OUT Correction
16722,2022-08-03 00:00,VA,OUT Correction,-100,TRUE,Correction Bought VA,TRUE,-100,OUT Correction
16722,2022-06-29 00:00,VA,OUT Correction,-100,TRUE,Correction Bought VA,TRUE,-100,OUT Correction
16722,2022-06-28 00:00,VA,OUT Correction,-100,TRUE,Correction Bought VA,TRUE,-100,OUT Correction
16722,2022-06-27 00:00,VA,OUT Correction,-100,TRUE,Correction Bought VA,TRUE,-100,OUT Correction
16722,2022-06-26 00:00,VA,OUT Correction,-100,TRUE,Correction Bought VA,TRUE,-100,OUT Correction
16722,2022-03-23 00:00,VA,OUT Correction,-100,TRUE,Correction Bought VA,TRUE,-100,OUT Correction
16722,2022-03-22 00:00,VA,OUT Correction,-100,TRUE,Correction Bought VA,TRUE,-100,OUT Correction
16722,2022-03-21 00:00,VA,OUT Correction,-100,TRUE,Correction Bought VA,TRUE,-100,OUT Correction
16598,2022-11-29 00:00,VA,OUT Correction,-100,TRUE,Correction Bought VA,TRUE,-100,OUT Correction
16598,2022-10-03 00:00,F7,OUT Correction,-100,TRUE,Correction Bought VA,TRUE,-100,OUT Correction
16598,2022-06-16 00:00,VA,OUT Correction,-100,TRUE,Correction Bought VA,TRUE,-100,OUT Correction
16598,2022-06-15 00:00,VA,OUT Correction,-100,TRUE,Correction Bought VA,TRUE,-100,OUT Correction
16598,2022-06-14 00:00,VA,OUT Correction,-100,TRUE,Correction Bought VA,TRUE,-100,OUT Correction
16598,2022-06-13 00:00,VA,OUT Correction,-100,TRUE,Correction Bought VA,TRUE,-100,OUT Correction
16515,2022-01-05 00:00,F7,OUT Correction,-100,TRUE,Correction Bought VA,TRUE,-100,OUT Correction
19844,2022-08-17 00:00,VA,OUT Correction,-100,TRUE,Correction Bought VA,TRUE,-100,OUT Correction
19844,2022-08-16 00:00,VA,OUT Correction,-100,TRUE,Correction Bought VA,TRUE,-100,OUT Correction
19844,2022-08-15 00:00,VA,OUT Correction,-100,TRUE,Correction Bought VA,TRUE,-100,OUT Correction
19794,2022-11-21 00:00,VA,OUT Correction,-100,TRUE,Correction Bought VA,TRUE,-100,OUT Correction
19794,2022-11-20 00:00,VA,OUT Correction,-100,TRUE,Correction Bought VA,TRUE,-100,OUT Correction
19794,2022-01-11 00:00,F7,OUT Correction,-100,TRUE,Correction Bought VA,TRUE,-100,OUT Correction
19794,2022-01-10 00:00,F7,OUT Correction,-100,TRUE,Correction Bought VA,TRUE,-100,OUT Correction
16480,2022-01-04 00:00,F7,OUT Correction,-100,TRUE,Correction Bought VA,TRUE,-100,OUT Correction
16480,2022-01-03 00:00,F7,OUT Correction,-100,TRUE,Correction Bought VA,TRUE,-100,OUT Correction
16338,2022-09-04 00:00,VA,OUT Correction,-100,TRUE,Correction Bought VA,TRUE,-100,OUT Correction
16338,2022-09-03 00:00,VA,OUT Correction,-100,TRUE,Correction Bought VA,TRUE,-100,OUT Correction
16338,2022-09-02 00:00,VA,OUT Correction,-100,TRUE,Correction Bought VA,TRUE,-100,OUT Correction
17232,2022-12-28 00:00,F7,OUT Correction,-100,TRUE,Correction Bought VA,TRUE,-100,OUT Correction
17232,2022-05-16 00:00,VA,OUT Correction,-100,TRUE,Correction Bought VA,TRUE,-100,OUT Correction
17232,2022-05-15 00:00,VA,OUT Correction,-100,TRUE,Correction Bought VA,TRUE,-100,OUT Correction
17232,2022-05-14 00:00,VA,OUT Correction,-100,TRUE,Correction Bought VA,TRUE,-100,OUT Correction
17232,2022-05-13 00:00,VA,OUT Correction,-100,TRUE,Correction Bought VA,TRUE,-100,OUT Correction
17156,2022-06-14 00:00,VA,OUT Correction,-100,TRUE,Correction Bought VA,TRUE,-100,OUT Correction
17156,2022-06-01 00:00,VA,OUT Correction,-100,TRUE,Correction Bought VA,TRUE,-100,OUT Correction
17077,2022-06-08 00:00,VA,OUT Correction,-100,TRUE,Correction Bought VA,TRUE,-100,OUT Correction
17077,2022-06-01 00:00,VA,OUT Correction,-100,TRUE,Correction Bought VA,TRUE,-100,OUT Correction
17071,2022-07-23 00:00,VA,OUT Correction,-100,TRUE,Correction Bought VA,TRUE,-100,OUT Correction
17071,2022-07-22 00:00,VA,OUT Correction,-100,TRUE,Correction Bought VA,TRUE,-100,OUT Correction
17066,2022-11-10 00:00,VA,OUT Correction,-100,TRUE,Correction Bought VA,TRUE,-100,OUT Correction
17066,2022-11-09 00:00,F7,OUT Correction,-100,TRUE,Correction Bought VA,TRUE,-100,OUT Correction
17052,2022-11-18 00:00,VA,OUT Correction,-100,TRUE,Correction Bought VA,TRUE,-100,OUT Correction
17052,2022-11-17 00:00,VA,OUT Correction,-100,TRUE,Correction Bought VA,TRUE,-100,OUT Correction
17052,2022-11-16 00:00,VA,OUT Correction,-100,TRUE,Correction Bought VA,TRUE,-100,OUT Correction
17052,2022-11-14 00:00,F7,OUT Correction,-100,TRUE,Correction Bought VA,TRUE,-100,OUT Correction
17052,2022-11-13 00:00,F7,OUT Correction,-100,TRUE,Correction Bought VA,TRUE,-100,OUT Correction
17052,2022-11-10 00:00,F7,OUT Correction,-100,TRUE,Correction Bought VA,TRUE,-100,OUT Correction
17052,2022-09-13 00:00,VA,OUT Correction,-100,TRUE,Correction Bought VA,TRUE,-100,OUT Correction
17052,2022-09-10 00:00,VA,OUT Correction,-100,TRUE,Correction Bought VA,TRUE,-100,OUT Correction
17052,2022-09-09 00:00,VA,OUT Correction,-100,TRUE,Correction Bought VA,TRUE,-100,OUT Correction
17037,2022-04-14 00:00,VA,OUT Correction,-100,TRUE,Correction Bought VA,TRUE,-100,OUT Correction
16976,2022-11-20 00:00,VA,OUT Correction,-100,TRUE,Correction Bought VA,TRUE,-100,OUT Correction
16976,2022-11-19 00:00,VA,OUT Correction,-100,TRUE,Correction Bought VA,TRUE,-100,OUT Correction
16976,2022-11-18 00:00,VA,OUT Correction,-100,TRUE,Correction Bought VA,TRUE,-100,OUT Correction
16976,2022-11-12 00:00,F7,OUT Correction,-100,TRUE,Correction Bought VA,TRUE,-100,OUT Correction
16976,2022-11-11 00:00,F7,OUT Correction,-100,TRUE,Correction Bought VA,TRUE,-100,OUT Correction
16976,2022-11-10 00:00,F7,OUT Correction,-100,TRUE,Correction Bought VA,TRUE,-100,OUT Correction
16976,2022-04-10 00:00,VA,OUT Correction,-100,TRUE,Correction Bought VA,TRUE,-100,OUT Correction
16976,2022-04-09 00:00,VA,OUT Correction,-100,TRUE,Correction Bought VA,TRUE,-100,OUT Correction
16976,2022-04-06 00:00,VA,OUT Correction,-100,TRUE,Correction Bought VA,TRUE,-100,OUT Correction
16976,2022-02-16 00:00,VA,OUT Correction,-100,TRUE,Correction Bought VA,TRUE,-100,OUT Correction
17483,2022-08-24 00:00,VA,OUT Correction,-100,TRUE,Correction Bought VA,TRUE,-100,OUT Correction
17483,2022-01-03 00:00,F7,OUT Correction,-100,TRUE,Correction Bought VA,TRUE,-100,OUT Correction
17483,2022-01-02 00:00,F7,OUT Correction,-100,TRUE,Correction Bought VA,TRUE,-100,OUT Correction
19973,2022-12-12 00:00,VA,OUT Correction,-100,TRUE,Correction Bought VA,TRUE,-100,OUT Correction
19973,2022-11-18 00:00,F7,OUT Correction,-100,TRUE,Correction Bought VA,TRUE,-100,OUT Correction
19973,2022-11-17 00:00,F7,OUT Correction,-100,TRUE,Correction Bought VA,TRUE,-100,OUT Correction
19973,2022-01-17 00:00,F7,OUT Correction,-100,TRUE,Correction Bought VA,TRUE,-100,OUT Correction
19957,2022-06-30 00:00,VA,OUT Correction,-100,TRUE,Correction Bought VA,TRUE,-100,OUT Correction
19957,2022-01-26 00:00,F7,OUT Correction,-100,TRUE,Correction Bought VA,TRUE,-100,OUT Correction
17413,2022-11-17 00:00,F7,OUT Correction,-100,TRUE,Correction Bought VA,TRUE,-100,OUT Correction
17413,2022-06-16 00:00,VA,OUT Correction,-100,TRUE,Correction Bought VA,TRUE,-100,OUT Correction
17413,2022-06-15 00:00,VA,OUT Correction,-100,TRUE,Correction Bought VA,TRUE,-100,OUT Correction
17309,2022-12-28 00:00,F7,OUT Correction,-100,TRUE,Correction Bought VA,TRUE,-100,OUT Correction
17309,2022-12-27 00:00,VA,OUT Correction,-100,TRUE,Correction Bought VA,TRUE,-100,OUT Correction
17309,2022-12-26 00:00,VA,OUT Correction,-100,TRUE,Correction Bought VA,TRUE,-100,OUT Correction
17309,2022-08-19 00:00,VA,OUT Correction,-100,TRUE,Correction Bought VA,TRUE,-100,OUT Correction
17309,2022-08-18 00:00,VA,OUT Correction,-100,TRUE,Correction Bought VA,TRUE,-100,OUT Correction
17309,2022-08-17 00:00,VA,OUT Correction,-100,TRUE,Correction Bought VA,TRUE,-100,OUT Correction
17309,2022-08-16 00:00,VA,OUT Correction,-100,TRUE,Correction Bought VA,TRUE,-100,OUT Correction
17309,2022-04-26 00:00,VA,OUT Correction,-100,TRUE,Correction Bought VA,TRUE,-100,OUT Correction
17309,2022-04-25 00:00,VA,OUT Correction,-100,TRUE,Correction Bought VA,TRUE,-100,OUT Correction
17309,2022-04-24 00:00,VA,OUT Correction,-100,TRUE,Correction Bought VA,TRUE,-100,OUT Correction
17309,2022-02-28 00:00,VA,OUT Correction,-100,TRUE,Correction Bought VA,TRUE,-100,OUT Correction
17736,2022-08-15 00:00,VA,OUT Correction,-100,TRUE,Correction Bought VA,TRUE,-100,OUT Correction
17736,2022-08-14 00:00,VA,OUT Correction,-100,TRUE,Correction Bought VA,TRUE,-100,OUT Correction
17736,2022-08-13 00:00,VA,OUT Correction,-100,TRUE,Correction Bought VA,TRUE,-100,OUT Correction
17736,2022-01-29 00:00,VA,OUT Correction,-100,TRUE,Correction Bought VA,TRUE,-100,OUT Correction
17659,2022-11-09 00:00,F7,OUT Correction,-100,TRUE,Correction Bought VA,TRUE,-100,OUT Correction
17659,2022-08-05 00:00,VA,OUT Correction,-100,TRUE,Correction Bought VA,TRUE,-100,OUT Correction
17659,2022-08-04 00:00,VA,OUT Correction,-100,TRUE,Correction Bought VA,TRUE,-100,OUT Correction
17659,2022-08-01 00:00,VA,OUT Correction,-100,TRUE,Correction Bought VA,TRUE,-100,OUT Correction
17659,2022-07-31 00:00,VA,OUT Correction,-100,TRUE,Correction Bought VA,TRUE,-100,OUT Correction
17882,2022-06-07 00:00,VA,OUT Correction,-100,TRUE,Correction Bought VA,TRUE,-100,OUT Correction
17882,2022-06-06 00:00,VA,OUT Correction,-100,TRUE,Correction Bought VA,TRUE,-100,OUT Correction
17882,2022-01-09 00:00,F7,OUT Correction,-100,TRUE,Correction Bought VA,TRUE,-100,OUT Correction
17882,2022-01-08 00:00,F7,OUT Correction,-100,TRUE,Correction Bought VA,TRUE,-100,OUT Correction
17882,2022-01-07 00:00,F7,OUT Correction,-100,TRUE,Correction Bought VA,TRUE,-100,OUT Correction
17826,2022-11-11 00:00,F7,OUT Correction,-100,TRUE,Correction Bought VA,TRUE,-100,OUT Correction
17826,2022-11-10 00:00,F7,OUT Correction,-100,TRUE,Correction Bought VA,TRUE,-100,OUT Correction
17826,2022-11-09 00:00,F7,OUT Correction,-100,TRUE,Correction Bought VA,TRUE,-100,OUT Correction
17778,2022-06-22 00:00,VA,OUT Correction,-100,TRUE,Correction Bought VA,TRUE,-100,OUT Correction
17778,2022-06-21 00:00,VA,OUT Correction,-100,TRUE,Correction Bought VA,TRUE,-100,OUT Correction
17756,2022-09-10 00:00,VA,OUT Correction,-100,TRUE,Correction Bought VA,TRUE,-100,OUT Correction
17756,2022-09-09 00:00,VA,OUT Correction,-100,TRUE,Correction Bought VA,TRUE,-100,OUT Correction
17756,2022-09-08 00:00,VA,OUT Correction,-100,TRUE,Correction Bought VA,TRUE,-100,OUT Correction
18125,2022-09-22 00:00,VA,OUT Correction,-100,TRUE,Correction Bought VA,TRUE,-100,OUT Correction
18125,2022-09-19 00:00,VA,OUT Correction,-100,TRUE,Correction Bought VA,TRUE,-100,OUT Correction
17951,2022-11-28 00:00,VA,OUT Correction,-100,TRUE,Correction Bought VA,TRUE,-100,OUT Correction
17951,2022-11-27 00:00,VA,OUT Correction,-100,TRUE,Correction Bought VA,TRUE,-100,OUT Correction
17951,2022-11-20 00:00,F7,OUT Correction,-100,TRUE,Correction Bought VA,TRUE,-100,OUT Correction
17951,2022-06-24 00:00,VA,OUT Correction,-100,TRUE,Correction Bought VA,TRUE,-100,OUT Correction
17951,2022-06-23 00:00,VA,OUT Correction,-100,TRUE,Correction Bought VA,TRUE,-100,OUT Correction
17951,2022-06-21 00:00,VA,OUT Correction,-100,TRUE,Correction Bought VA,TRUE,-100,OUT Correction
17951,2022-06-20 00:00,VA,OUT Correction,-100,TRUE,Correction Bought VA,TRUE,-100,OUT Correction
17951,2022-06-14 00:00,VA,OUT Correction,-100,TRUE,Correction Bought VA,TRUE,-100,OUT Correction
17951,2022-06-12 00:00,VA,OUT Correction,-100,TRUE,Correction Bought VA,TRUE,-100,OUT Correction
17951,2022-06-11 00:00,VA,OUT Correction,-100,TRUE,Correction Bought VA,TRUE,-100,OUT Correction
17951,2022-06-10 00:00,VA,OUT Correction,-100,TRUE,Correction Bought VA,TRUE,-100,OUT Correction
17951,2022-06-08 00:00,VA,OUT Correction,-100,TRUE,Correction Bought VA,TRUE,-100,OUT Correction
37000,2022-08-28 00:00,VA,OUT Correction,-100,TRUE,Correction Bought VA,TRUE,-100,OUT Correction
37000,2022-08-29 00:00,VA,OUT Correction,-100,TRUE,Correction Bought VA,TRUE,-100,OUT Correction
17951,2022-02-19 00:00,F7,OUT Correction,-100,TRUE,Correction Bought VA,TRUE,-100,OUT Correction
17887,2022-12-31 00:00,VA,OUT Correction,-100,TRUE,Correction Bought VA,TRUE,-100,OUT Correction
17887,2022-12-30 00:00,VA,OUT Correction,-100,TRUE,Correction Bought VA,TRUE,-100,OUT Correction
17887,2022-12-29 00:00,VA,OUT Correction,-100,TRUE,Correction Bought VA,TRUE,-100,OUT Correction
17887,2022-09-04 00:00,VA,OUT Correction,-100,TRUE,Correction Bought VA,TRUE,-100,OUT Correction
17887,2022-09-03 00:00,VA,OUT Correction,-100,TRUE,Correction Bought VA,TRUE,-100,OUT Correction
17887,2022-02-27 00:00,VA,OUT Correction,-100,TRUE,Correction Bought VA,TRUE,-100,OUT Correction
18606,2022-10-04 00:00,VA,OUT Correction,-100,TRUE,Correction Bought VA,TRUE,-100,OUT Correction
18606,2022-10-03 00:00,VA,OUT Correction,-100,TRUE,Correction Bought VA,TRUE,-100,OUT Correction
18606,2022-09-02 00:00,VA,OUT Correction,-100,TRUE,Correction Bought VA,TRUE,-100,OUT Correction
18606,2022-09-01 00:00,VA,OUT Correction,-100,TRUE,Correction Bought VA,TRUE,-100,OUT Correction
18606,2022-08-31 00:00,VA,OUT Correction,-100,TRUE,Correction Bought VA,TRUE,-100,OUT Correction
18606,2022-07-31 00:00,VA,OUT Correction,-100,TRUE,Correction Bought VA,TRUE,-100,OUT Correction
18606,2022-07-30 00:00,VA,OUT Correction,-100,TRUE,Correction Bought VA,TRUE,-100,OUT Correction
18606,2022-07-28 00:00,VA,OUT Correction,-100,TRUE,Correction Bought VA,TRUE,-100,OUT Correction
18606,2022-03-18 00:00,VA,OUT Correction,-100,TRUE,Correction Bought VA,TRUE,-100,OUT Correction
18606,2022-03-14 00:00,VA,OUT Correction,-100,TRUE,Correction Bought VA,TRUE,-100,OUT Correction
18606,2022-03-13 00:00,VA,OUT Correction,-100,TRUE,Correction Bought VA,TRUE,-100,OUT Correction
15202,2022-01-03 00:00,F7,OUT Correction,-100,TRUE,Correction Bought VA,TRUE,-100,OUT Correction
15202,2022-01-02 00:00,F7,OUT Correction,-100,TRUE,Correction Bought VA,TRUE,-100,OUT Correction
14966,2022-12-02 00:00,VA,OUT Correction,-100,TRUE,Correction Bought VA,TRUE,-100,OUT Correction
14966,2022-09-04 00:00,VA,OUT Correction,-100,TRUE,Correction Bought VA,TRUE,-100,OUT Correction
14966,2022-09-03 00:00,VA,OUT Correction,-100,TRUE,Correction Bought VA,TRUE,-100,OUT Correction
14966,2022-09-02 00:00,VA,OUT Correction,-100,TRUE,Correction Bought VA,TRUE,-100,OUT Correction
14966,2022-09-01 00:00,VA,OUT Correction,-100,TRUE,Correction Bought VA,TRUE,-100,OUT Correction
15517,2022-12-18 00:00,VA,OUT Correction,-100,TRUE,Correction Bought VA,TRUE,-100,OUT Correction
15517,2022-06-26 00:00,VA,OUT Correction,-100,TRUE,Correction Bought VA,TRUE,-100,OUT Correction
15517,2022-06-25 00:00,VA,OUT Correction,-100,TRUE,Correction Bought VA,TRUE,-100,OUT Correction
15517,2022-06-24 00:00,VA,OUT Correction,-100,TRUE,Correction Bought VA,TRUE,-100,OUT Correction
15517,2022-06-20 00:00,VA,OUT Correction,-100,TRUE,Correction Bought VA,TRUE,-100,OUT Correction
15517,2022-06-19 00:00,VA,OUT Correction,-100,TRUE,Correction Bought VA,TRUE,-100,OUT Correction
15517,2022-06-18 00:00,VA,OUT Correction,-100,TRUE,Correction Bought VA,TRUE,-100,OUT Correction
15517,2022-06-12 00:00,VA,OUT Correction,-100,TRUE,Correction Bought VA,TRUE,-100,OUT Correction
15517,2022-06-11 00:00,VA,OUT Correction,-100,TRUE,Correction Bought VA,TRUE,-100,OUT Correction
15517,2022-05-23 00:00,VA,OUT Correction,-100,TRUE,Correction Bought VA,TRUE,-100,OUT Correction
15517,2022-05-22 00:00,VA,OUT Correction,-100,TRUE,Correction Bought VA,TRUE,-100,OUT Correction
15517,2022-05-21 00:00,VA,OUT Correction,-100,TRUE,Correction Bought VA,TRUE,-100,OUT Correction
15517,2022-05-20 00:00,VA,OUT Correction,-100,TRUE,Correction Bought VA,TRUE,-100,OUT Correction
15517,2022-04-20 00:00,VA,OUT Correction,-100,TRUE,Correction Bought VA,TRUE,-100,OUT Correction
19234,2022-11-25 00:00,F7,OUT Correction,-100,TRUE,Correction Bought VA,TRUE,-100,OUT Correction
19062,2022-12-16 00:00,VA,OUT Correction,-100,TRUE,Correction Bought VA,TRUE,-100,OUT Correction
19062,2022-12-15 00:00,VA,OUT Correction,-100,TRUE,Correction Bought VA,TRUE,-100,OUT Correction
19062,2022-12-12 00:00,VA,OUT Correction,-100,TRUE,Correction Bought VA,TRUE,-100,OUT Correction
19062,2022-12-11 00:00,F7,OUT Correction,-100,TRUE,Correction Bought VA,TRUE,-100,OUT Correction
19062,2022-11-21 00:00,VA,OUT Correction,-100,TRUE,Correction Bought VA,TRUE,-100,OUT Correction
19062,2022-11-20 00:00,VA,OUT Correction,-100,TRUE,Correction Bought VA,TRUE,-100,OUT Correction
19062,2022-11-15 00:00,VA,OUT Correction,-100,TRUE,Correction Bought VA,TRUE,-100,OUT Correction
15295,2022-11-21 00:00,VA,OUT Correction,-100,TRUE,Correction Bought VA,TRUE,-100,OUT Correction
15295,2022-11-20 00:00,VA,OUT Correction,-100,TRUE,Correction Bought VA,TRUE,-100,OUT Correction
15295,2022-11-14 00:00,F7,OUT Correction,-100,TRUE,Correction Bought VA,TRUE,-100,OUT Correction
15236,2022-12-13 00:00,VA,OUT Correction,-100,TRUE,Correction Bought VA,TRUE,-100,OUT Correction
15236,2022-12-12 00:00,VA,OUT Correction,-100,TRUE,Correction Bought VA,TRUE,-100,OUT Correction
15755,2022-08-21 00:00,VA,OUT Correction,-100,TRUE,Correction Bought VA,TRUE,-100,OUT Correction
15755,2022-08-20 00:00,VA,OUT Correction,-100,TRUE,Correction Bought VA,TRUE,-100,OUT Correction
15755,2022-08-14 00:00,VA,OUT Correction,-100,TRUE,Correction Bought VA,TRUE,-100,OUT Correction
15755,2022-05-15 00:00,VA,OUT Correction,-100,TRUE,Correction Bought VA,TRUE,-100,OUT Correction
17426,2022-08-18 00:00,VA,OUT Correction,-100,TRUE,Correction Bought VA,TRUE,-100,OUT Correction
17426,2022-08-17 00:00,VA,OUT Correction,-100,TRUE,Correction Bought VA,TRUE,-100,OUT Correction
17426,2022-08-16 00:00,VA,OUT Correction,-100,TRUE,Correction Bought VA,TRUE,-100,OUT Correction
17426,2022-08-12 00:00,VA,OUT Correction,-100,TRUE,Correction Bought VA,TRUE,-100,OUT Correction
17426,2022-08-11 00:00,VA,OUT Correction,-100,TRUE,Correction Bought VA,TRUE,-100,OUT Correction
17426,2022-08-10 00:00,VA,OUT Correction,-100,TRUE,Correction Bought VA,TRUE,-100,OUT Correction
87532,2022-10-14 00:00,F7,OUT Correction,-100,TRUE,Correction Bought VA,TRUE,-100,OUT Correction
87532,2022-10-13 00:00,F7,OUT Correction,-100,TRUE,Correction Bought VA,TRUE,-100,OUT Correction
14004,2022-12-10 00:00,VA,OUT Correction,-100,TRUE,Correction Bought VA,TRUE,-100,OUT Correction
14004,2022-12-09 00:00,F7,OUT Correction,-100,TRUE,Correction Bought VA,TRUE,-100,OUT Correction
12835,2022-04-28 00:00,VA,OUT Correction,-100,TRUE,Correction Bought VA,TRUE,-100,OUT Correction
18745,2022-07-31 00:00,VA,OUT Correction,-100,TRUE,Correction Bought VA,TRUE,-100,OUT Correction
18745,2022-05-15 00:00,VA,OUT Correction,-100,TRUE,Correction Bought VA,TRUE,-100,OUT Correction
10292,2022-11-22 00:00,VA,OUT Correction,-100,TRUE,Correction Bought VA,TRUE,-100,OUT Correction
10292,2022-11-21 00:00,VA,OUT Correction,-100,TRUE,Correction Bought VA,TRUE,-100,OUT Correction
12881,2022-11-22 00:00,F7,OUT Correction,-100,TRUE,Correction Bought VA,TRUE,-100,OUT Correction
12881,2022-11-21 00:00,F7,OUT Correction,-100,TRUE,Correction Bought VA,TRUE,-100,OUT Correction
12881,2022-01-07 00:00,F7,OUT Correction,-100,TRUE,Correction Bought VA,TRUE,-100,OUT Correction
12683,2022-12-16 00:00,F7,OUT Correction,-100,TRUE,Correction Bought VA,TRUE,-100,OUT Correction
12683,2022-12-15 00:00,F7,OUT Correction,-100,TRUE,Correction Bought VA,TRUE,-100,OUT Correction
13636,2022-11-22 00:00,F7,OUT Correction,-100,TRUE,Correction Bought VA,TRUE,-100,OUT Correction
13636,2022-08-06 00:00,VA,OUT Correction,-100,TRUE,Correction Bought VA,TRUE,-100,OUT Correction
14023,2022-12-26 00:00,F7,OUT Correction,-100,TRUE,Correction Bought VA,TRUE,-100,OUT Correction
19782,2022-05-17 00:00,VA,OUT Correction,-100,TRUE,Correction Bought VA,TRUE,-100,OUT Correction
14794,2022-12-19 00:00,VA,OUT Correction,-100,TRUE,Correction Bought VA,TRUE,-100,OUT Correction
14794,2022-12-14 00:00,VA,OUT Correction,-100,TRUE,Correction Bought VA,TRUE,-100,OUT Correction
14794,2022-12-13 00:00,F7,OUT Correction,-100,TRUE,Correction Bought VA,TRUE,-100,OUT Correction
14794,2022-12-12 00:00,F7,OUT Correction,-100,TRUE,Correction Bought VA,TRUE,-100,OUT Correction
14794,2022-12-09 00:00,F7,OUT Correction,-100,TRUE,Correction Bought VA,TRUE,-100,OUT Correction
14793,2022-11-25 00:00,VA,OUT Correction,-100,TRUE,Correction Bought VA,TRUE,-100,OUT Correction
14793,2022-11-24 00:00,VA,OUT Correction,-100,TRUE,Correction Bought VA,TRUE,-100,OUT Correction
14793,2022-11-21 00:00,VA,OUT Correction,-100,TRUE,Correction Bought VA,TRUE,-100,OUT Correction
14793,2022-11-14 00:00,F7,OUT Correction,-100,TRUE,Correction Bought VA,TRUE,-100,OUT Correction
14793,2022-01-11 00:00,F7,OUT Correction,-100,TRUE,Correction Bought VA,TRUE,-100,OUT Correction
13732,2022-11-29 00:00,VA,OUT Correction,-100,TRUE,Correction Bought VA,TRUE,-100,OUT Correction
13732,2022-11-28 00:00,VA,OUT Correction,-100,TRUE,Correction Bought VA,TRUE,-100,OUT Correction
13732,2022-11-27 00:00,VA,OUT Correction,-100,TRUE,Correction Bought VA,TRUE,-100,OUT Correction
13732,2022-11-24 00:00,F7,OUT Correction,-100,TRUE,Correction Bought VA,TRUE,-100,OUT Correction
13732,2022-11-21 00:00,F7,OUT Correction,-100,TRUE,Correction Bought VA,TRUE,-100,OUT Correction
13732,2022-08-05 00:00,VA,OUT Correction,-100,TRUE,Correction Bought VA,TRUE,-100,OUT Correction
13732,2022-03-31 00:00,VA,OUT Correction,-100,TRUE,Correction Bought VA,TRUE,-100,OUT Correction
13732,2022-03-21 00:00,VA,OUT Correction,-100,TRUE,Correction Bought VA,TRUE,-100,OUT Correction
15536,2022-11-27 00:00,VA,OUT Correction,-100,TRUE,Correction Bought VA,TRUE,-100,OUT Correction
15536,2022-11-26 00:00,VA,OUT Correction,-100,TRUE,Correction Bought VA,TRUE,-100,OUT Correction
15536,2022-11-25 00:00,VA,OUT Correction,-100,TRUE,Correction Bought VA,TRUE,-100,OUT Correction
15536,2022-11-24 00:00,VA,OUT Correction,-100,TRUE,Correction Bought VA,TRUE,-100,OUT Correction
11698,2022-11-15 00:00,VA,OUT Correction,-100,TRUE,Correction Bought VA,TRUE,-100,OUT Correction
11698,2022-04-12 00:00,VA,OUT Correction,-100,TRUE,Correction Bought VA,TRUE,-100,OUT Correction
11698,2022-04-11 00:00,VA,OUT Correction,-100,TRUE,Correction Bought VA,TRUE,-100,OUT Correction
87522,2022-11-29 00:00,VA,OUT Correction,-100,TRUE,Correction Bought VA,TRUE,-100,OUT Correction
87522,2022-11-28 00:00,VA,OUT Correction,-100,TRUE,Correction Bought VA,TRUE,-100,OUT Correction
87522,2022-11-27 00:00,VA,OUT Correction,-100,TRUE,Correction Bought VA,TRUE,-100,OUT Correction
11285,2022-12-15 00:00,F7,OUT Correction,-100,TRUE,Correction Bought VA,TRUE,-100,OUT Correction
11285,2022-09-28 00:00,VA,OUT Correction,-100,TRUE,Correction Bought VA,TRUE,-100,OUT Correction
11285,2022-09-27 00:00,VA,OUT Correction,-100,TRUE,Correction Bought VA,TRUE,-100,OUT Correction
10974,2022-08-01 00:00,VA,OUT Correction,-100,TRUE,Correction Bought VA,TRUE,-100,OUT Correction
10974,2022-08-02 00:00,VA,OUT Correction,-100,TRUE,Correction Bought VA,TRUE,-100,OUT Correction
10974,2022-08-03 00:00,VA,OUT Correction,-100,TRUE,Correction Bought VA,TRUE,-100,OUT Correction
10999,2022-05-23 00:00,VA,OUT Correction,-100,TRUE,Correction Bought VA,TRUE,-100,OUT Correction
10999,2022-06-10 00:00,VA,OUT Correction,-100,TRUE,Correction Bought VA,TRUE,-100,OUT Correction
10999,2022-06-11 00:00,VA,OUT Correction,-100,TRUE,Correction Bought VA,TRUE,-100,OUT Correction
10999,2022-06-12 00:00,VA,OUT Correction,-100,TRUE,Correction Bought VA,TRUE,-100,OUT Correction
10999,2022-06-13 00:00,VA,OUT Correction,-100,TRUE,Correction Bought VA,TRUE,-100,OUT Correction
11023,2022-09-12 00:00,VA,OUT Correction,-100,TRUE,Correction Bought VA,TRUE,-100,OUT Correction
11023,2022-10-20 00:00,VA,OUT Correction,-100,TRUE,Correction Bought VA,TRUE,-100,OUT Correction
11023,2022-10-21 00:00,VA,OUT Correction,-100,TRUE,Correction Bought VA,TRUE,-100,OUT Correction
11285,2022-09-26 00:00,VA,OUT Correction,-100,TRUE,Correction Bought VA,TRUE,-100,OUT Correction
11049,2022-12-15 00:00,VA,OUT Correction,-100,TRUE,Correction Bought VA,TRUE,-100,OUT Correction
11049,2022-12-17 00:00,VA,OUT Correction,-100,TRUE,Correction Bought VA,TRUE,-100,OUT Correction
11049,2022-12-18 00:00,VA,OUT Correction,-100,TRUE,Correction Bought VA,TRUE,-100,OUT Correction
11049,2022-12-19 00:00,VA,OUT Correction,-100,TRUE,Correction Bought VA,TRUE,-100,OUT Correction
11285,2022-07-29 00:00,VA,OUT Correction,-100,TRUE,Correction Bought VA,TRUE,-100,OUT Correction
11285,2022-04-11 00:00,VA,OUT Correction,-100,TRUE,Correction Bought VA,TRUE,-100,OUT Correction
11285,2022-03-06 00:00,VA,OUT Correction,-100,TRUE,Correction Bought VA,TRUE,-100,OUT Correction
11874,2022-11-05 00:00,F7,OUT Correction,-100,TRUE,Correction Bought VA,TRUE,-100,OUT Correction
11874,2022-10-22 00:00,VA,OUT Correction,-100,TRUE,Correction Bought VA,TRUE,-100,OUT Correction
11745,2022-01-13 00:00,F7,OUT Correction,-100,TRUE,Correction Bought VA,TRUE,-100,OUT Correction
11745,2022-01-09 00:00,F7,OUT Correction,-100,TRUE,Correction Bought VA,TRUE,-100,OUT Correction
15274,2022-10-03 00:00,VA,OUT Correction,-100,TRUE,Correction Bought VA,TRUE,-100,OUT Correction
15274,2022-09-30 00:00,VA,OUT Correction,-100,TRUE,Correction Bought VA,TRUE,-100,OUT Correction
15274,2022-09-26 00:00,F7,OUT Correction,-100,TRUE,Correction Bought VA,TRUE,-100,OUT Correction
15274,2022-09-25 00:00,F7,OUT Correction,-100,TRUE,Correction Bought VA,TRUE,-100,OUT Correction
11116,2022-02-04 00:00,VA,OUT Correction,-100,TRUE,Correction Bought VA,TRUE,-100,OUT Correction
11116,2022-03-21 00:00,VA,OUT Correction,-100,TRUE,Correction Bought VA,TRUE,-100,OUT Correction
11116,2022-04-30 00:00,VA,OUT Correction,-100,TRUE,Correction Bought VA,TRUE,-100,OUT Correction
11116,2022-05-15 00:00,VA,OUT Correction,-100,TRUE,Correction Bought VA,TRUE,-100,OUT Correction
11116,2022-05-16 00:00,VA,OUT Correction,-100,TRUE,Correction Bought VA,TRUE,-100,OUT Correction
11116,2022-05-29 00:00,VA,OUT Correction,-100,TRUE,Correction Bought VA,TRUE,-100,OUT Correction
11116,2022-05-30 00:00,VA,OUT Correction,-100,TRUE,Correction Bought VA,TRUE,-100,OUT Correction
11116,2022-07-31 00:00,VA,OUT Correction,-100,TRUE,Correction Bought VA,TRUE,-100,OUT Correction
11116,2022-08-01 00:00,VA,OUT Correction,-100,TRUE,Correction Bought VA,TRUE,-100,OUT Correction
11116,2022-08-02 00:00,VA,OUT Correction,-100,TRUE,Correction Bought VA,TRUE,-100,OUT Correction
11116,2022-08-03 00:00,VA,OUT Correction,-100,TRUE,Correction Bought VA,TRUE,-100,OUT Correction
11116,2022-08-06 00:00,VA,OUT Correction,-100,TRUE,Correction Bought VA,TRUE,-100,OUT Correction
11116,2022-08-07 00:00,VA,OUT Correction,-100,TRUE,Correction Bought VA,TRUE,-100,OUT Correction
15274,2022-07-24 00:00,VA,OUT Correction,-100,TRUE,Correction Bought VA,TRUE,-100,OUT Correction
15274,2022-06-18 00:00,VA,OUT Correction,-100,TRUE,Correction Bought VA,TRUE,-100,OUT Correction
15274,2022-06-17 00:00,VA,OUT Correction,-100,TRUE,Correction Bought VA,TRUE,-100,OUT Correction
15274,2022-05-21 00:00,VA,OUT Correction,-100,TRUE,Correction Bought VA,TRUE,-100,OUT Correction
15274,2022-01-02 00:00,F7,OUT Correction,-100,TRUE,Correction Bought VA,TRUE,-100,OUT Correction
34597,2022-11-09 00:00,F7,OUT Correction,-100,TRUE,Correction Bought VA,TRUE,-100,OUT Correction
34597,2022-11-08 00:00,F7,OUT Correction,-100,TRUE,Correction Bought VA,TRUE,-100,OUT Correction
34595,2022-11-07 00:00,VA,OUT Correction,-100,TRUE,Correction Bought VA,TRUE,-100,OUT Correction
34595,2022-11-06 00:00,VA,OUT Correction,-100,TRUE,Correction Bought VA,TRUE,-100,OUT Correction
34595,2022-04-11 00:00,VA,OUT Correction,-100,TRUE,Correction Bought VA,TRUE,-100,OUT Correction
87567,2022-10-12 00:00,F7,OUT Correction,-100,TRUE,Correction Bought VA,TRUE,-100,OUT Correction
87562,2022-09-22 00:00,VA,OUT Correction,-100,TRUE,Correction Bought VA,TRUE,-100,OUT Correction
87562,2022-09-21 00:00,VA,OUT Correction,-100,TRUE,Correction Bought VA,TRUE,-100,OUT Correction
87562,2022-09-18 00:00,F7,OUT Correction,-100,TRUE,Correction Bought VA,TRUE,-100,OUT Correction
87562,2022-09-17 00:00,F7,OUT Correction,-100,TRUE,Correction Bought VA,TRUE,-100,OUT Correction
87562,2022-09-16 00:00,F7,OUT Correction,-100,TRUE,Correction Bought VA,TRUE,-100,OUT Correction
87554,2022-12-02 00:00,VA,OUT Correction,-100,TRUE,Correction Bought VA,TRUE,-100,OUT Correction
87554,2022-11-30 00:00,F7,OUT Correction,-100,TRUE,Correction Bought VA,TRUE,-100,OUT Correction
87554,2022-01-06 00:00,F7,OUT Correction,-100,TRUE,Correction Bought VA,TRUE,-100,OUT Correction
87526,2022-05-08 00:00,VA,OUT Correction,-100,TRUE,Correction Bought VA,TRUE,-100,OUT Correction
87526,2022-05-05 00:00,VA,OUT Correction,-100,TRUE,Correction Bought VA,TRUE,-100,OUT Correction
87526,2022-05-02 00:00,VA,OUT Correction,-100,TRUE,Correction Bought VA,TRUE,-100,OUT Correction
87521,2022-08-14 00:00,VA,OUT Correction,-100,TRUE,Correction Bought VA,TRUE,-100,OUT Correction
10213,2022-12-13 00:00,VA,OUT Correction,-100,TRUE,Correction Bought VA,TRUE,-100,OUT Correction
10213,2022-04-19 00:00,VA,OUT Correction,-100,TRUE,Correction Bought VA,TRUE,-100,OUT Correction
10213,2022-04-18 00:00,VA,OUT Correction,-100,TRUE,Correction Bought VA,TRUE,-100,OUT Correction
10201,2022-06-20 00:00,VA,OUT Correction,-100,TRUE,Correction Bought VA,TRUE,-100,OUT Correction
10201,2022-06-19 00:00,VA,OUT Correction,-100,TRUE,Correction Bought VA,TRUE,-100,OUT Correction
10302,2022-11-16 00:00,VA,OUT Correction,-100,TRUE,Correction Bought VA,TRUE,-100,OUT Correction
10302,2022-11-10 00:00,VA,OUT Correction,-100,TRUE,Correction Bought VA,TRUE,-100,OUT Correction
10302,2022-11-09 00:00,VA,OUT Correction,-100,TRUE,Correction Bought VA,TRUE,-100,OUT Correction
10242,2022-07-01 00:00,VA,OUT Correction,-100,TRUE,Correction Bought VA,TRUE,-100,OUT Correction
10242,2022-06-30 00:00,VA,OUT Correction,-100,TRUE,Correction Bought VA,TRUE,-100,OUT Correction
10623,2022-12-21 00:00,VA,OUT Correction,-100,TRUE,Correction Bought VA,TRUE,-100,OUT Correction
10623,2022-12-18 00:00,VA,OUT Correction,-100,TRUE,Correction Bought VA,TRUE,-100,OUT Correction
10623,2022-12-17 00:00,VA,OUT Correction,-100,TRUE,Correction Bought VA,TRUE,-100,OUT Correction
10623,2022-12-16 00:00,VA,OUT Correction,-100,TRUE,Correction Bought VA,TRUE,-100,OUT Correction
10595,2022-06-08 00:00,VA,OUT Correction,-100,TRUE,Correction Bought VA,TRUE,-100,OUT Correction
10595,2022-06-07 00:00,VA,OUT Correction,-100,TRUE,Correction Bought VA,TRUE,-100,OUT Correction
10595,2022-01-13 00:00,VA,OUT Correction,-100,TRUE,Correction Bought VA,TRUE,-100,OUT Correction
10595,2022-01-08 00:00,VA,OUT Correction,-100,TRUE,Correction Bought VA,TRUE,-100,OUT Correction
10595,2022-01-06 00:00,F7,OUT Correction,-100,TRUE,Correction Bought VA,TRUE,-100,OUT Correction
10595,2022-01-04 00:00,F7,OUT Correction,-100,TRUE,Correction Bought VA,TRUE,-100,OUT Correction
10580,2022-02-22 00:00,VA,OUT Correction,-100,TRUE,Correction Bought VA,TRUE,-100,OUT Correction
10566,2022-05-23 00:00,VA,OUT Correction,-100,TRUE,Correction Bought VA,TRUE,-100,OUT Correction
10566,2022-05-22 00:00,VA,OUT Correction,-100,TRUE,Correction Bought VA,TRUE,-100,OUT Correction
10566,2022-01-14 00:00,F7,OUT Correction,-100,TRUE,Correction Bought VA,TRUE,-100,OUT Correction
10566,2022-01-13 00:00,F7,OUT Correction,-100,TRUE,Correction Bought VA,TRUE,-100,OUT Correction
10566,2022-01-11 00:00,F7,OUT Correction,-100,TRUE,Correction Bought VA,TRUE,-100,OUT Correction
49752,2022-10-06 00:00,F7,OUT Correction,-100,TRUE,Correction Bought VA,TRUE,-100,OUT Correction
49752,2022-10-05 00:00,F7,OUT Correction,-100,TRUE,Correction Bought VA,TRUE,-100,OUT Correction
49752,2022-06-07 00:00,VA,OUT Correction,-100,TRUE,Correction Bought VA,TRUE,-100,OUT Correction
49752,2022-05-29 00:00,VA,OUT Correction,-100,TRUE,Correction Bought VA,TRUE,-100,OUT Correction
49752,2022-05-23 00:00,VA,OUT Correction,-100,TRUE,Correction Bought VA,TRUE,-100,OUT Correction
48374,2022-09-18 00:00,VA,OUT Correction,-100,TRUE,Correction Bought VA,TRUE,-100,OUT Correction
48374,2022-06-10 00:00,VA,OUT Correction,-100,TRUE,Correction Bought VA,TRUE,-100,OUT Correction
48331,2022-08-16 00:00,VA,OUT Correction,-100,TRUE,Correction Bought VA,TRUE,-100,OUT Correction
48331,2022-08-15 00:00,VA,OUT Correction,-100,TRUE,Correction Bought VA,TRUE,-100,OUT Correction
48331,2022-08-13 00:00,VA,OUT Correction,-100,TRUE,Correction Bought VA,TRUE,-100,OUT Correction
48331,2022-08-12 00:00,VA,OUT Correction,-100,TRUE,Correction Bought VA,TRUE,-100,OUT Correction
48331,2022-07-31 00:00,VA,OUT Correction,-100,TRUE,Correction Bought VA,TRUE,-100,OUT Correction
48331,2022-07-30 00:00,VA,OUT Correction,-100,TRUE,Correction Bought VA,TRUE,-100,OUT Correction
48331,2022-07-29 00:00,VA,OUT Correction,-100,TRUE,Correction Bought VA,TRUE,-100,OUT Correction
48331,2022-07-26 00:00,VA,OUT Correction,-100,TRUE,Correction Bought VA,TRUE,-100,OUT Correction
48331,2022-07-25 00:00,VA,OUT Correction,-100,TRUE,Correction Bought VA,TRUE,-100,OUT Correction
10518,2022-08-13 00:00,VA,OUT Correction,-100,TRUE,Correction Bought VA,TRUE,-100,OUT Correction
10503,2022-12-10 00:00,VA,OUT Correction,-100,TRUE,Correction Bought VA,TRUE,-100,OUT Correction
10503,2022-12-09 00:00,F7,OUT Correction,-100,TRUE,Correction Bought VA,TRUE,-100,OUT Correction
10503,2022-12-08 00:00,F7,OUT Correction,-100,TRUE,Correction Bought VA,TRUE,-100,OUT Correction
10503,2022-08-19 00:00,VA,OUT Correction,-100,TRUE,Correction Bought VA,TRUE,-100,OUT Correction
11220,2022-12-11 00:00,F7,OUT Correction,-100,TRUE,Correction Bought VA,TRUE,-100,OUT Correction
10499,2022-11-21 00:00,VA,OUT Correction,-100,TRUE,Correction Bought VA,TRUE,-100,OUT Correction
10499,2022-11-20 00:00,VA,OUT Correction,-100,TRUE,Correction Bought VA,TRUE,-100,OUT Correction
10713,2022-08-10 00:00,VA,OUT Correction,-100,TRUE,Correction Bought VA,TRUE,-100,OUT Correction
10490,2022-12-28 00:00,F7,OUT Correction,-100,TRUE,Correction Bought VA,TRUE,-100,OUT Correction
10490,2022-12-26 00:00,F7,OUT Correction,-100,TRUE,Correction Bought VA,TRUE,-100,OUT Correction
10490,2022-11-11 00:00,VA,OUT Correction,-100,TRUE,Correction Bought VA,TRUE,-100,OUT Correction
10490,2022-09-02 00:00,VA,OUT Correction,-100,TRUE,Correction Bought VA,TRUE,-100,OUT Correction
10490,2022-06-14 00:00,VA,OUT Correction,-100,TRUE,Correction Bought VA,TRUE,-100,OUT Correction
10490,2022-06-13 00:00,VA,OUT Correction,-100,TRUE,Correction Bought VA,TRUE,-100,OUT Correction
10490,2022-06-11 00:00,VA,OUT Correction,-100,TRUE,Correction Bought VA,TRUE,-100,OUT Correction
10490,2022-06-10 00:00,VA,OUT Correction,-100,TRUE,Correction Bought VA,TRUE,-100,OUT Correction
10490,2022-06-08 00:00,VA,OUT Correction,-100,TRUE,Correction Bought VA,TRUE,-100,OUT Correction
10490,2022-01-18 00:00,F7,OUT Correction,-100,TRUE,Correction Bought VA,TRUE,-100,OUT Correction
10490,2022-01-17 00:00,F7,OUT Correction,-100,TRUE,Correction Bought VA,TRUE,-100,OUT Correction
10490,2022-01-16 00:00,F7,OUT Correction,-100,TRUE,Correction Bought VA,TRUE,-100,OUT Correction
10488,2022-10-09 00:00,VA,OUT Correction,-100,TRUE,Correction Bought VA,TRUE,-100,OUT Correction
10782,2022-11-09 00:00,VA,OUT Correction,-100,TRUE,Correction Bought VA,TRUE,-100,OUT Correction
10782,2022-11-10 00:00,VA,OUT Correction,-100,TRUE,Correction Bought VA,TRUE,-100,OUT Correction
10813,2022-11-27 00:00,F7,OUT Correction,-100,TRUE,Correction Bought VA,TRUE,-100,OUT Correction
10813,2022-11-28 00:00,VA,OUT Correction,-100,TRUE,Correction Bought VA,TRUE,-100,OUT Correction
10813,2022-11-29 00:00,VA,OUT Correction,-100,TRUE,Correction Bought VA,TRUE,-100,OUT Correction
10488,2022-10-08 00:00,F7,OUT Correction,-100,TRUE,Correction Bought VA,TRUE,-100,OUT Correction
10488,2022-10-06 00:00,F7,OUT Correction,-100,TRUE,Correction Bought VA,TRUE,-100,OUT Correction
10488,2022-10-05 00:00,F7,OUT Correction,-100,TRUE,Correction Bought VA,TRUE,-100,OUT Correction
10488,2022-10-04 00:00,F7,OUT Correction,-100,TRUE,Correction Bought VA,TRUE,-100,OUT Correction
10488,2022-07-23 00:00,VA,OUT Correction,-100,TRUE,Correction Bought VA,TRUE,-100,OUT Correction
10488,2022-03-27 00:00,VA,OUT Correction,-100,TRUE,Correction Bought VA,TRUE,-100,OUT Correction
10473,2022-09-09 00:00,VA,OUT Correction,-100,TRUE,Correction Bought VA,TRUE,-100,OUT Correction
10473,2022-09-08 00:00,VA,OUT Correction,-100,TRUE,Correction Bought VA,TRUE,-100,OUT Correction
10473,2022-09-07 00:00,VA,OUT Correction,-100,TRUE,Correction Bought VA,TRUE,-100,OUT Correction
10473,2022-09-06 00:00,F7,OUT Correction,-100,TRUE,Correction Bought VA,TRUE,-100,OUT Correction
10473,2022-09-05 00:00,F7,OUT Correction,-100,TRUE,Correction Bought VA,TRUE,-100,OUT Correction
10431,2022-04-15 00:00,VA,OUT Correction,-100,TRUE,Correction Bought VA,TRUE,-100,OUT Correction
10431,2022-04-14 00:00,VA,OUT Correction,-100,TRUE,Correction Bought VA,TRUE,-100,OUT Correction
10431,2022-04-13 00:00,VA,OUT Correction,-100,TRUE,Correction Bought VA,TRUE,-100,OUT Correction
10397,2022-11-14 00:00,VA,OUT Correction,-100,TRUE,Correction Bought VA,TRUE,-100,OUT Correction
10397,2022-11-07 00:00,VA,OUT Correction,-100,TRUE,Correction Bought VA,TRUE,-100,OUT Correction
10397,2022-09-01 00:00,VA,OUT Correction,-100,TRUE,Correction Bought VA,TRUE,-100,OUT Correction
10397,2022-08-17 00:00,VA,OUT Correction,-100,TRUE,Correction Bought VA,TRUE,-100,OUT Correction
10894,2022-09-04 00:00,VA,OUT Correction,-100,TRUE,Correction Bought VA,TRUE,-100,OUT Correction
10894,2022-09-03 00:00,VA,OUT Correction,-100,TRUE,Correction Bought VA,TRUE,-100,OUT Correction
10894,2022-09-02 00:00,VA,OUT Correction,-100,TRUE,Correction Bought VA,TRUE,-100,OUT Correction
10894,2022-08-21 00:00,VA,OUT Correction,-100,TRUE,Correction Bought VA,TRUE,-100,OUT Correction
10894,2022-08-20 00:00,VA,OUT Correction,-100,TRUE,Correction Bought VA,TRUE,-100,OUT Correction
10894,2022-04-08 00:00,VA,OUT Correction,-100,TRUE,Correction Bought VA,TRUE,-100,OUT Correction
10894,2022-04-07 00:00,VA,OUT Correction,-100,TRUE,Correction Bought VA,TRUE,-100,OUT Correction
10894,2022-04-06 00:00,VA,OUT Correction,-100,TRUE,Correction Bought VA,TRUE,-100,OUT Correction
10894,2022-03-30 00:00,VA,OUT Correction,-100,TRUE,Correction Bought VA,TRUE,-100,OUT Correction
10884,2022-12-15 00:00,VA,OUT Correction,-100,TRUE,Correction Bought VA,TRUE,-100,OUT Correction
10884,2022-12-13 00:00,VA,OUT Correction,-100,TRUE,Correction Bought VA,TRUE,-100,OUT Correction
10867,2022-08-11 00:00,VA,OUT Correction,-100,TRUE,Correction Bought VA,TRUE,-100,OUT Correction
10867,2022-08-10 00:00,VA,OUT Correction,-100,TRUE,Correction Bought VA,TRUE,-100,OUT Correction
