182943726;13155;w+kGmb35SdSrEIsX/oM3kg==;13165;6ijXKjeTSgiszo8qMr8+Gg==;-
182943726;13155;w+kGmb35SdSrEIsX/oM3kg==;13166;f02mnRgyT5m3gNvHZPPYZw==;-
182943726;13155;w+kGmb35SdSrEIsX/oM3kg==;13167;VnrIqKEGQsad+tG3I4M1Dw==;-
182943726;13155;w+kGmb35SdSrEIsX/oM3kg==;13168;jAnHqdOfQRaISTEgZZO9rw==;-
182943726;13155;TQZGZW9GRhemhnEVb5CAvg==;13161;Ts8HtDAcS6OWyhayUhNpVw==;-
182943726;13155;TQZGZW9GRhemhnEVb5CAvg==;13162;4TlzeW2UQruUZKObdeWi5g==;-
182943726;13155;TQZGZW9GRhemhnEVb5CAvg==;13163;gNEFeUHESR2S56S1l+16yA==;-
182943726;13155;TQZGZW9GRhemhnEVb5CAvg==;13164;wxEV7/HiTB+EHoqS7TQJAA==;-
182943726;13155;TQZGZW9GRhemhnEVb5CAvg==;13165;e+27BJkmR/uxQQoazOvvjA==;-
184609256;13155;zWDla3VvQkC95hGQqYuoKw==;13161;GVf691sQRG+vXFAcKHn2eg==;-
184609256;13155;zWDla3VvQkC95hGQqYuoKw==;13162;ELo4aGUzQE+1SP0MeJz81Q==;-
184609256;13155;zWDla3VvQkC95hGQqYuoKw==;13163;xEqUx2b9TMqSxLXUJkxl9A==;-
184609256;13155;zWDla3VvQkC95hGQqYuoKw==;13164;PXFAw8U+Sw23fHbd9pN+3w==;-
184609256;13155;zWDla3VvQkC95hGQqYuoKw==;13165;6ijXKjeTSgiszo8qMr8+Gg==;-
184609256;13155;zWDla3VvQkC95hGQqYuoKw==;13166;f02mnRgyT5m3gNvHZPPYZw==;-
184610499;13155;ySxwMiDjSde3Tm0Y5vwdNA==;13161;Ts8HtDAcS6OWyhayUhNpVw==;-
184610499;13155;ySxwMiDjSde3Tm0Y5vwdNA==;13162;4TlzeW2UQruUZKObdeWi5g==;-
184610499;13155;ySxwMiDjSde3Tm0Y5vwdNA==;13163;gNEFeUHESR2S56S1l+16yA==;-
184610499;13155;ySxwMiDjSde3Tm0Y5vwdNA==;13164;wxEV7/HiTB+EHoqS7TQJAA==;-
184610499;13155;ySxwMiDjSde3Tm0Y5vwdNA==;13165;e+27BJkmR/uxQQoazOvvjA==;-
184610499;13155;ySxwMiDjSde3Tm0Y5vwdNA==;13166;3fqsVJ2kQL60Os1MJfBVwA==;-
184609316;13155;MC3LR+HoT6aJdqSubv2tqA==;13161;ijHapYZuTD6mpMQZ/hK4pg==;-
184609316;13155;dYoEqpt2TYaAvukqLsoQSw==;13161;ijHapYZuTD6mpMQZ/hK4pg==;-
184609316;13155;dYoEqpt2TYaAvukqLsoQSw==;13162;O7S9qbBcT6yRwuuTWImyOA==;-
184609316;13155;dYoEqpt2TYaAvukqLsoQSw==;13163;gT++eANGRU6Vz5FIjRRQ5Q==;-
184609316;13155;dYoEqpt2TYaAvukqLsoQSw==;13164;YB5CE9RRRpmAzDHD+I1H1A==;-
184609316;13155;dYoEqpt2TYaAvukqLsoQSw==;13165;REjGSLptS5aVsKsfUJb04Q==;-
184609316;13155;dYoEqpt2TYaAvukqLsoQSw==;13166;l5Vt1+OmRiWa/EEAlkqB2w==;-
182943726;13155;ZoMw79YQS2SulfGInhetRQ==;13161;Ts8HtDAcS6OWyhayUhNpVw==;-
182943726;13155;ZoMw79YQS2SulfGInhetRQ==;13162;4TlzeW2UQruUZKObdeWi5g==;-
182943726;13155;ZoMw79YQS2SulfGInhetRQ==;13163;gNEFeUHESR2S56S1l+16yA==;-
182943726;13155;ZoMw79YQS2SulfGInhetRQ==;13164;wxEV7/HiTB+EHoqS7TQJAA==;-
182943726;13155;ZoMw79YQS2SulfGInhetRQ==;13165;e+27BJkmR/uxQQoazOvvjA==;-
182943726;13155;ZoMw79YQS2SulfGInhetRQ==;13166;3fqsVJ2kQL60Os1MJfBVwA==;-
182943726;13155;ZoMw79YQS2SulfGInhetRQ==;13167;cqj0i8TFTrGvgPYRqptRHw==;-
182943726;13155;ZoMw79YQS2SulfGInhetRQ==;13168;Vi0QDuR6Qs2FNPcmqkJrkw==;-
182943726;13155;SrqO3rajQreT98q9Hy7GIQ==;13161;ijHapYZuTD6mpMQZ/hK4pg==;-
184610499;13155;n5vzRDfLTdG9X6lnmJEImw==;13161;Ts8HtDAcS6OWyhayUhNpVw==;-
184609316;13155;EZ8sutEcTBmyNZZT/SU0zw==;13161;ijHapYZuTD6mpMQZ/hK4pg==;-
184609316;13155;EZ8sutEcTBmyNZZT/SU0zw==;13162;O7S9qbBcT6yRwuuTWImyOA==;-
184609316;13155;EZ8sutEcTBmyNZZT/SU0zw==;13163;gT++eANGRU6Vz5FIjRRQ5Q==;-
184609316;13155;EZ8sutEcTBmyNZZT/SU0zw==;13164;YB5CE9RRRpmAzDHD+I1H1A==;-
184609316;13155;EZ8sutEcTBmyNZZT/SU0zw==;13165;REjGSLptS5aVsKsfUJb04Q==;-
184609316;13155;EZ8sutEcTBmyNZZT/SU0zw==;13166;l5Vt1+OmRiWa/EEAlkqB2w==;-
184609316;13155;EZ8sutEcTBmyNZZT/SU0zw==;13167;jISrbIaISiGp4Q5e2Sp29Q==;-
184609316;13155;EZ8sutEcTBmyNZZT/SU0zw==;13168;waHuHOf0QcGeGS0bS+G+RA==;-
182943726;13155;wE3w+WqfRxysL+0H5BMj6w==;13161;GVf691sQRG+vXFAcKHn2eg==;-
182943726;13155;wE3w+WqfRxysL+0H5BMj6w==;13162;ELo4aGUzQE+1SP0MeJz81Q==;-
182943726;13155;wE3w+WqfRxysL+0H5BMj6w==;13163;xEqUx2b9TMqSxLXUJkxl9A==;-
182943726;13155;wE3w+WqfRxysL+0H5BMj6w==;13164;PXFAw8U+Sw23fHbd9pN+3w==;-
182943726;13155;wE3w+WqfRxysL+0H5BMj6w==;13165;6ijXKjeTSgiszo8qMr8+Gg==;-
184610499;13155;kE8nppHzQHOrWF2J5lJYRQ==;13161;Ts8HtDAcS6OWyhayUhNpVw==;-
184610499;13155;kE8nppHzQHOrWF2J5lJYRQ==;13162;4TlzeW2UQruUZKObdeWi5g==;-
184610499;13155;kE8nppHzQHOrWF2J5lJYRQ==;13163;gNEFeUHESR2S56S1l+16yA==;-
184610499;13155;kE8nppHzQHOrWF2J5lJYRQ==;13164;wxEV7/HiTB+EHoqS7TQJAA==;-
184610499;13155;kE8nppHzQHOrWF2J5lJYRQ==;13165;e+27BJkmR/uxQQoazOvvjA==;-
184610499;13155;kE8nppHzQHOrWF2J5lJYRQ==;13166;3fqsVJ2kQL60Os1MJfBVwA==;-
184610499;13155;kE8nppHzQHOrWF2J5lJYRQ==;13167;cqj0i8TFTrGvgPYRqptRHw==;-
184610499;13155;kE8nppHzQHOrWF2J5lJYRQ==;13168;Vi0QDuR6Qs2FNPcmqkJrkw==;-
184609256;13155;R2ksp49XQByKKEfGhGJmxQ==;13161;GVf691sQRG+vXFAcKHn2eg==;-
182943726;13155;VW2HBVIvQaC9dgy8mkrrQQ==;13161;ijHapYZuTD6mpMQZ/hK4pg==;-
182943726;13155;VW2HBVIvQaC9dgy8mkrrQQ==;13162;O7S9qbBcT6yRwuuTWImyOA==;-
182943726;13155;VW2HBVIvQaC9dgy8mkrrQQ==;13163;gT++eANGRU6Vz5FIjRRQ5Q==;-
182943726;13155;VW2HBVIvQaC9dgy8mkrrQQ==;13164;YB5CE9RRRpmAzDHD+I1H1A==;-
182943726;13155;VW2HBVIvQaC9dgy8mkrrQQ==;13165;REjGSLptS5aVsKsfUJb04Q==;-
182943726;13155;VW2HBVIvQaC9dgy8mkrrQQ==;13166;l5Vt1+OmRiWa/EEAlkqB2w==;-
182943726;13155;VW2HBVIvQaC9dgy8mkrrQQ==;13167;jISrbIaISiGp4Q5e2Sp29Q==;-
182943726;13155;VW2HBVIvQaC9dgy8mkrrQQ==;13168;waHuHOf0QcGeGS0bS+G+RA==;-
184609256;13155;mnP2XYw2Q++0KvFNuGwmmw==;13161;GVf691sQRG+vXFAcKHn2eg==;-
184609256;13155;mnP2XYw2Q++0KvFNuGwmmw==;13162;ELo4aGUzQE+1SP0MeJz81Q==;-
184609256;13155;mnP2XYw2Q++0KvFNuGwmmw==;13163;xEqUx2b9TMqSxLXUJkxl9A==;-
184609256;13155;mnP2XYw2Q++0KvFNuGwmmw==;13164;PXFAw8U+Sw23fHbd9pN+3w==;-
184609256;13155;mnP2XYw2Q++0KvFNuGwmmw==;13165;6ijXKjeTSgiszo8qMr8+Gg==;-
184609256;13155;mnP2XYw2Q++0KvFNuGwmmw==;13166;f02mnRgyT5m3gNvHZPPYZw==;-
184609256;13155;mnP2XYw2Q++0KvFNuGwmmw==;13167;VnrIqKEGQsad+tG3I4M1Dw==;-
182943726;13155;w+kGmb35SdSrEIsX/oM3kg==;13161;GVf691sQRG+vXFAcKHn2eg==;-
182943726;13155;w+kGmb35SdSrEIsX/oM3kg==;13162;ELo4aGUzQE+1SP0MeJz81Q==;-
182943726;13155;w+kGmb35SdSrEIsX/oM3kg==;13163;xEqUx2b9TMqSxLXUJkxl9A==;-
182943726;13155;w+kGmb35SdSrEIsX/oM3kg==;13164;PXFAw8U+Sw23fHbd9pN+3w==;-
184609256;13154;L3jWHz/MQZ+cSjMxXkLxKw==;13161;GVf691sQRG+vXFAcKHn2eg==;-
184609316;13154;4p5qntZITXaUEi5wBHfp9w==;13165;REjGSLptS5aVsKsfUJb04Q==;-
184609256;13154;L3jWHz/MQZ+cSjMxXkLxKw==;13163;xEqUx2b9TMqSxLXUJkxl9A==;-
184609256;13154;L3jWHz/MQZ+cSjMxXkLxKw==;13164;PXFAw8U+Sw23fHbd9pN+3w==;-
184609256;13154;L3jWHz/MQZ+cSjMxXkLxKw==;13165;6ijXKjeTSgiszo8qMr8+Gg==;-
184609256;13154;L3jWHz/MQZ+cSjMxXkLxKw==;13166;f02mnRgyT5m3gNvHZPPYZw==;-
182943726;13154;xahBTX36SkKUDdKeeMwq4A==;13164;YB5CE9RRRpmAzDHD+I1H1A==;-
182943726;13154;xahBTX36SkKUDdKeeMwq4A==;13165;REjGSLptS5aVsKsfUJb04Q==;-
182943726;13154;xahBTX36SkKUDdKeeMwq4A==;13166;l5Vt1+OmRiWa/EEAlkqB2w==;-
182943726;13154;xahBTX36SkKUDdKeeMwq4A==;13167;jISrbIaISiGp4Q5e2Sp29Q==;-
184610499;13154;ZvV+rbw5TLi8PFC5kb0fXQ==;13161;Ts8HtDAcS6OWyhayUhNpVw==;-
184610499;13154;ZvV+rbw5TLi8PFC5kb0fXQ==;13162;4TlzeW2UQruUZKObdeWi5g==;-
184610499;13154;ZvV+rbw5TLi8PFC5kb0fXQ==;13163;gNEFeUHESR2S56S1l+16yA==;-
184610499;13154;ZvV+rbw5TLi8PFC5kb0fXQ==;13164;wxEV7/HiTB+EHoqS7TQJAA==;-
184610499;13154;ZvV+rbw5TLi8PFC5kb0fXQ==;13165;e+27BJkmR/uxQQoazOvvjA==;-
184610499;13154;Zzz6/3hxRbm+7L37GqURbA==;13161;Ts8HtDAcS6OWyhayUhNpVw==;-
184610499;13154;Zzz6/3hxRbm+7L37GqURbA==;13162;4TlzeW2UQruUZKObdeWi5g==;-
184610499;13154;Zzz6/3hxRbm+7L37GqURbA==;13163;gNEFeUHESR2S56S1l+16yA==;-
184610499;13154;Zzz6/3hxRbm+7L37GqURbA==;13164;wxEV7/HiTB+EHoqS7TQJAA==;-
184610499;13154;Zzz6/3hxRbm+7L37GqURbA==;13165;e+27BJkmR/uxQQoazOvvjA==;-
184610499;13154;Zzz6/3hxRbm+7L37GqURbA==;13166;3fqsVJ2kQL60Os1MJfBVwA==;-
184610499;13154;Zzz6/3hxRbm+7L37GqURbA==;13167;cqj0i8TFTrGvgPYRqptRHw==;-
184609316;13154;3tyxkcewSoSb+mk2Y0wK6Q==;13161;ijHapYZuTD6mpMQZ/hK4pg==;-
184609316;13154;3tyxkcewSoSb+mk2Y0wK6Q==;13162;O7S9qbBcT6yRwuuTWImyOA==;-
184609316;13154;3tyxkcewSoSb+mk2Y0wK6Q==;13163;gT++eANGRU6Vz5FIjRRQ5Q==;-
184609316;13154;3tyxkcewSoSb+mk2Y0wK6Q==;13164;YB5CE9RRRpmAzDHD+I1H1A==;-
184609316;13154;3tyxkcewSoSb+mk2Y0wK6Q==;13165;REjGSLptS5aVsKsfUJb04Q==;-
184609316;13154;3tyxkcewSoSb+mk2Y0wK6Q==;13166;l5Vt1+OmRiWa/EEAlkqB2w==;-
184609316;13154;3tyxkcewSoSb+mk2Y0wK6Q==;13167;jISrbIaISiGp4Q5e2Sp29Q==;-
182943726;13154;ssIp7szXSWic07vRy36PKg==;13161;Ts8HtDAcS6OWyhayUhNpVw==;-
182943726;13154;ssIp7szXSWic07vRy36PKg==;13162;4TlzeW2UQruUZKObdeWi5g==;-
182943726;13154;ssIp7szXSWic07vRy36PKg==;13163;gNEFeUHESR2S56S1l+16yA==;-
182943726;13154;ssIp7szXSWic07vRy36PKg==;13164;wxEV7/HiTB+EHoqS7TQJAA==;-
182943726;13154;ssIp7szXSWic07vRy36PKg==;13165;e+27BJkmR/uxQQoazOvvjA==;-
182943726;13154;ssIp7szXSWic07vRy36PKg==;13166;3fqsVJ2kQL60Os1MJfBVwA==;-
182943726;13154;ssIp7szXSWic07vRy36PKg==;13167;cqj0i8TFTrGvgPYRqptRHw==;-
182943726;13154;OlI9N57xQ6a86K0AF5xmgw==;13161;GVf691sQRG+vXFAcKHn2eg==;-
182943726;13154;OlI9N57xQ6a86K0AF5xmgw==;13162;ELo4aGUzQE+1SP0MeJz81Q==;-
182943726;13154;OlI9N57xQ6a86K0AF5xmgw==;13163;xEqUx2b9TMqSxLXUJkxl9A==;-
182943726;13154;OlI9N57xQ6a86K0AF5xmgw==;13164;PXFAw8U+Sw23fHbd9pN+3w==;-
182943726;13154;OlI9N57xQ6a86K0AF5xmgw==;13165;6ijXKjeTSgiszo8qMr8+Gg==;-
182943726;13154;OlI9N57xQ6a86K0AF5xmgw==;13166;f02mnRgyT5m3gNvHZPPYZw==;-
182943726;13154;OlI9N57xQ6a86K0AF5xmgw==;13167;VnrIqKEGQsad+tG3I4M1Dw==;-
182943726;13154;xahBTX36SkKUDdKeeMwq4A==;13161;ijHapYZuTD6mpMQZ/hK4pg==;-
182943726;13154;xahBTX36SkKUDdKeeMwq4A==;13162;O7S9qbBcT6yRwuuTWImyOA==;-
182943726;13154;xahBTX36SkKUDdKeeMwq4A==;13163;gT++eANGRU6Vz5FIjRRQ5Q==;-
184609256;13154;pD7SKlCwS0uF97WGNrPiQA==;13164;PXFAw8U+Sw23fHbd9pN+3w==;-
184609256;13154;pD7SKlCwS0uF97WGNrPiQA==;13165;6ijXKjeTSgiszo8qMr8+Gg==;-
182943726;13154;gfkV1UrfR461j0eoWaTr5A==;13161;GVf691sQRG+vXFAcKHn2eg==;-
182943726;13154;gfkV1UrfR461j0eoWaTr5A==;13162;ELo4aGUzQE+1SP0MeJz81Q==;-
182943726;13154;gfkV1UrfR461j0eoWaTr5A==;13163;xEqUx2b9TMqSxLXUJkxl9A==;-
182943726;13154;gfkV1UrfR461j0eoWaTr5A==;13164;PXFAw8U+Sw23fHbd9pN+3w==;-
184609256;13154;pD7SKlCwS0uF97WGNrPiQA==;13161;GVf691sQRG+vXFAcKHn2eg==;-
184609256;13154;pD7SKlCwS0uF97WGNrPiQA==;13162;ELo4aGUzQE+1SP0MeJz81Q==;-
184609256;13154;pD7SKlCwS0uF97WGNrPiQA==;13163;xEqUx2b9TMqSxLXUJkxl9A==;-
182943726;13154;BBGY1QeqTvegb5CCq5MLMw==;13161;Ts8HtDAcS6OWyhayUhNpVw==;-
182943726;13154;BBGY1QeqTvegb5CCq5MLMw==;13162;4TlzeW2UQruUZKObdeWi5g==;-
182943726;13154;BBGY1QeqTvegb5CCq5MLMw==;13163;gNEFeUHESR2S56S1l+16yA==;-
182943726;13154;BBGY1QeqTvegb5CCq5MLMw==;13164;wxEV7/HiTB+EHoqS7TQJAA==;-
184609316;13154;4p5qntZITXaUEi5wBHfp9w==;13161;ijHapYZuTD6mpMQZ/hK4pg==;-
184609316;13154;4p5qntZITXaUEi5wBHfp9w==;13162;O7S9qbBcT6yRwuuTWImyOA==;-
184609316;13154;4p5qntZITXaUEi5wBHfp9w==;13163;gT++eANGRU6Vz5FIjRRQ5Q==;-
184609316;13154;4p5qntZITXaUEi5wBHfp9w==;13164;YB5CE9RRRpmAzDHD+I1H1A==;-
184609256;13154;L3jWHz/MQZ+cSjMxXkLxKw==;13162;ELo4aGUzQE+1SP0MeJz81Q==;-
182943726;13153;DqhhcA0sS7ed0c8PUXY+7A==;13161;Ts8HtDAcS6OWyhayUhNpVw==;-
184609256;13153;N9EV+1uETAGvmhZdLdzjaA==;13164;PXFAw8U+Sw23fHbd9pN+3w==;-
182943726;13153;DqhhcA0sS7ed0c8PUXY+7A==;13163;gNEFeUHESR2S56S1l+16yA==;-
182943726;13153;DqhhcA0sS7ed0c8PUXY+7A==;13164;wxEV7/HiTB+EHoqS7TQJAA==;-
182943726;13153;DqhhcA0sS7ed0c8PUXY+7A==;13165;e+27BJkmR/uxQQoazOvvjA==;-
182943726;13153;DqhhcA0sS7ed0c8PUXY+7A==;13166;3fqsVJ2kQL60Os1MJfBVwA==;-
184609316;13153;oMpEY/5eSUmVgn7L9l0DlQ==;13161;ijHapYZuTD6mpMQZ/hK4pg==;-
184609316;13153;oMpEY/5eSUmVgn7L9l0DlQ==;13162;O7S9qbBcT6yRwuuTWImyOA==;-
184609316;13153;oMpEY/5eSUmVgn7L9l0DlQ==;13163;gT++eANGRU6Vz5FIjRRQ5Q==;-
184609316;13153;oMpEY/5eSUmVgn7L9l0DlQ==;13164;YB5CE9RRRpmAzDHD+I1H1A==;-
184609316;13153;oMpEY/5eSUmVgn7L9l0DlQ==;13165;REjGSLptS5aVsKsfUJb04Q==;-
184609316;13153;oMpEY/5eSUmVgn7L9l0DlQ==;13166;l5Vt1+OmRiWa/EEAlkqB2w==;-
184609316;13153;OpllTWKhS/us4yUJMQIaeg==;13161;ijHapYZuTD6mpMQZ/hK4pg==;-
184609316;13153;OpllTWKhS/us4yUJMQIaeg==;13162;O7S9qbBcT6yRwuuTWImyOA==;-
184609316;13153;OpllTWKhS/us4yUJMQIaeg==;13163;gT++eANGRU6Vz5FIjRRQ5Q==;-
184609316;13153;OpllTWKhS/us4yUJMQIaeg==;13164;YB5CE9RRRpmAzDHD+I1H1A==;-
184609256;13153;ryrLQV+2QC6jmdjUSD2N0Q==;13161;GVf691sQRG+vXFAcKHn2eg==;-
184609256;13153;ryrLQV+2QC6jmdjUSD2N0Q==;13162;ELo4aGUzQE+1SP0MeJz81Q==;-
184609256;13153;ryrLQV+2QC6jmdjUSD2N0Q==;13163;xEqUx2b9TMqSxLXUJkxl9A==;-
184609256;13153;ryrLQV+2QC6jmdjUSD2N0Q==;13164;PXFAw8U+Sw23fHbd9pN+3w==;-
184609256;13153;ryrLQV+2QC6jmdjUSD2N0Q==;13165;6ijXKjeTSgiszo8qMr8+Gg==;-
184610499;13153;y/SiPmVDQdycBwEruJKa1g==;13161;Ts8HtDAcS6OWyhayUhNpVw==;-
184610499;13153;y/SiPmVDQdycBwEruJKa1g==;13162;4TlzeW2UQruUZKObdeWi5g==;-
184610499;13153;y/SiPmVDQdycBwEruJKa1g==;13163;gNEFeUHESR2S56S1l+16yA==;-
184610499;13153;y/SiPmVDQdycBwEruJKa1g==;13164;wxEV7/HiTB+EHoqS7TQJAA==;-
184610499;13153;t1iP1ussTzOzXSEdX2EdIw==;13161;Ts8HtDAcS6OWyhayUhNpVw==;-
184610499;13153;t1iP1ussTzOzXSEdX2EdIw==;13162;4TlzeW2UQruUZKObdeWi5g==;-
184610499;13153;t1iP1ussTzOzXSEdX2EdIw==;13163;gNEFeUHESR2S56S1l+16yA==;-
184610499;13153;t1iP1ussTzOzXSEdX2EdIw==;13164;wxEV7/HiTB+EHoqS7TQJAA==;-
184610499;13153;t1iP1ussTzOzXSEdX2EdIw==;13165;e+27BJkmR/uxQQoazOvvjA==;-
184610499;13153;t1iP1ussTzOzXSEdX2EdIw==;13166;3fqsVJ2kQL60Os1MJfBVwA==;-
182943726;13153;uO7FrCMqQwycgshLp3chdA==;13161;GVf691sQRG+vXFAcKHn2eg==;-
182943726;13153;uO7FrCMqQwycgshLp3chdA==;13162;ELo4aGUzQE+1SP0MeJz81Q==;-
182943726;13153;uO7FrCMqQwycgshLp3chdA==;13163;xEqUx2b9TMqSxLXUJkxl9A==;-
182943726;13153;P8s295pvRQKwnB3bPWnu4Q==;13161;ijHapYZuTD6mpMQZ/hK4pg==;-
182943726;13153;P8s295pvRQKwnB3bPWnu4Q==;13162;O7S9qbBcT6yRwuuTWImyOA==;-
182943726;13153;P8s295pvRQKwnB3bPWnu4Q==;13163;gT++eANGRU6Vz5FIjRRQ5Q==;-
184609256;13153;N9EV+1uETAGvmhZdLdzjaA==;13161;GVf691sQRG+vXFAcKHn2eg==;-
184609256;13153;N9EV+1uETAGvmhZdLdzjaA==;13162;ELo4aGUzQE+1SP0MeJz81Q==;-
184609256;13153;N9EV+1uETAGvmhZdLdzjaA==;13163;xEqUx2b9TMqSxLXUJkxl9A==;-
182943726;13153;DqhhcA0sS7ed0c8PUXY+7A==;13162;4TlzeW2UQruUZKObdeWi5g==;-
184609256;13152;gLKtaSAERaazVp8zXJg4jg==;13161;GVf691sQRG+vXFAcKHn2eg==;-
182943726;13152;ud1DxmV1SG201/uBeunJtg==;13162;ELo4aGUzQE+1SP0MeJz81Q==;-
184609256;13152;gLKtaSAERaazVp8zXJg4jg==;13163;xEqUx2b9TMqSxLXUJkxl9A==;-
184609256;13152;gLKtaSAERaazVp8zXJg4jg==;13164;PXFAw8U+Sw23fHbd9pN+3w==;-
182943726;13152;J7lRn2A8RhyoPc0BbwRvvA==;13161;Ts8HtDAcS6OWyhayUhNpVw==;-
182943726;13152;J7lRn2A8RhyoPc0BbwRvvA==;13162;4TlzeW2UQruUZKObdeWi5g==;-
182943726;13152;J7lRn2A8RhyoPc0BbwRvvA==;13163;gNEFeUHESR2S56S1l+16yA==;-
182943726;13152;J7lRn2A8RhyoPc0BbwRvvA==;13164;wxEV7/HiTB+EHoqS7TQJAA==;-
182943726;13152;J7lRn2A8RhyoPc0BbwRvvA==;13165;e+27BJkmR/uxQQoazOvvjA==;-
184609256;13152;mLRoAREzROylIPmTmEXYkA==;13161;GVf691sQRG+vXFAcKHn2eg==;-
184609256;13152;mLRoAREzROylIPmTmEXYkA==;13162;ELo4aGUzQE+1SP0MeJz81Q==;-
184609256;13152;mLRoAREzROylIPmTmEXYkA==;13163;xEqUx2b9TMqSxLXUJkxl9A==;-
184609316;13152;mswZqUzNTy2V0USDTTZr3Q==;13161;ijHapYZuTD6mpMQZ/hK4pg==;-
184609316;13152;mswZqUzNTy2V0USDTTZr3Q==;13162;O7S9qbBcT6yRwuuTWImyOA==;-
184609316;13152;mswZqUzNTy2V0USDTTZr3Q==;13163;gT++eANGRU6Vz5FIjRRQ5Q==;-
184609316;13152;mswZqUzNTy2V0USDTTZr3Q==;13164;YB5CE9RRRpmAzDHD+I1H1A==;-
184609316;13152;mswZqUzNTy2V0USDTTZr3Q==;13165;REjGSLptS5aVsKsfUJb04Q==;-
182943726;13152;sr8Y2V7QTtaTOuy0v0zIWQ==;13161;ijHapYZuTD6mpMQZ/hK4pg==;-
182943726;13152;sr8Y2V7QTtaTOuy0v0zIWQ==;13162;O7S9qbBcT6yRwuuTWImyOA==;-
182943726;13152;sr8Y2V7QTtaTOuy0v0zIWQ==;13163;gT++eANGRU6Vz5FIjRRQ5Q==;-
182943726;13152;sr8Y2V7QTtaTOuy0v0zIWQ==;13164;YB5CE9RRRpmAzDHD+I1H1A==;-
182943726;13152;sr8Y2V7QTtaTOuy0v0zIWQ==;13165;REjGSLptS5aVsKsfUJb04Q==;-
184610499;13152;f8o1zkcCRreKzMD4ebmnRg==;13161;Ts8HtDAcS6OWyhayUhNpVw==;-
184610499;13152;f8o1zkcCRreKzMD4ebmnRg==;13162;4TlzeW2UQruUZKObdeWi5g==;-
184610499;13152;f8o1zkcCRreKzMD4ebmnRg==;13163;gNEFeUHESR2S56S1l+16yA==;-
184609316;13152;QLqZN/lwQlCQJLJ/GCtUMw==;13161;ijHapYZuTD6mpMQZ/hK4pg==;-
184609316;13152;QLqZN/lwQlCQJLJ/GCtUMw==;13162;O7S9qbBcT6yRwuuTWImyOA==;-
184609316;13152;QLqZN/lwQlCQJLJ/GCtUMw==;13163;gT++eANGRU6Vz5FIjRRQ5Q==;-
184610499;13152;hPClRRR2T8K/spidcOPjQA==;13161;Ts8HtDAcS6OWyhayUhNpVw==;-
184610499;13152;hPClRRR2T8K/spidcOPjQA==;13162;4TlzeW2UQruUZKObdeWi5g==;-
184610499;13152;hPClRRR2T8K/spidcOPjQA==;13163;gNEFeUHESR2S56S1l+16yA==;-
184610499;13152;hPClRRR2T8K/spidcOPjQA==;13164;wxEV7/HiTB+EHoqS7TQJAA==;-
184610499;13152;hPClRRR2T8K/spidcOPjQA==;13165;e+27BJkmR/uxQQoazOvvjA==;-
182943726;13152;ud1DxmV1SG201/uBeunJtg==;13161;GVf691sQRG+vXFAcKHn2eg==;-
184609256;13152;gLKtaSAERaazVp8zXJg4jg==;13162;ELo4aGUzQE+1SP0MeJz81Q==;-
182943726;13151;rvmii8iyTzqNDB5C6HOGBA==;13161;Ts8HtDAcS6OWyhayUhNpVw==;-
184609316;13151;8j6xJcLfT1WRt3/FgUXOJQ==;13161;ijHapYZuTD6mpMQZ/hK4pg==;-
184609316;13151;8j6xJcLfT1WRt3/FgUXOJQ==;13162;O7S9qbBcT6yRwuuTWImyOA==;-
184609256;13151;qZqMERmCTBeUL+X2IGz+vg==;13161;GVf691sQRG+vXFAcKHn2eg==;-
184609256;13151;qZqMERmCTBeUL+X2IGz+vg==;13162;ELo4aGUzQE+1SP0MeJz81Q==;-
184609256;13151;qZqMERmCTBeUL+X2IGz+vg==;13163;xEqUx2b9TMqSxLXUJkxl9A==;-
184609316;13151;sWvaryL3QaG56xasTEMO+Q==;13161;ijHapYZuTD6mpMQZ/hK4pg==;-
184609316;13151;sWvaryL3QaG56xasTEMO+Q==;13162;O7S9qbBcT6yRwuuTWImyOA==;-
184609316;13151;sWvaryL3QaG56xasTEMO+Q==;13163;gT++eANGRU6Vz5FIjRRQ5Q==;-
184609316;13151;sWvaryL3QaG56xasTEMO+Q==;13164;YB5CE9RRRpmAzDHD+I1H1A==;-
184610499;13151;tcMg8tquSiahqvRgUbFlMQ==;13161;Ts8HtDAcS6OWyhayUhNpVw==;-
184610499;13151;tcMg8tquSiahqvRgUbFlMQ==;13162;4TlzeW2UQruUZKObdeWi5g==;-
184609256;13151;tg8BzaG5TDGsxWFm0Yooew==;13161;GVf691sQRG+vXFAcKHn2eg==;-
184609256;13151;tg8BzaG5TDGsxWFm0Yooew==;13162;ELo4aGUzQE+1SP0MeJz81Q==;-
182943726;13151;EP0qLayTQZ6iAI7nWXChyQ==;13161;ijHapYZuTD6mpMQZ/hK4pg==;-
182943726;13151;9obVlMiwRzal4+1hpdA+Mw==;13161;GVf691sQRG+vXFAcKHn2eg==;-
184610499;13151;jXFZCBjFQo2vz/j2XRe1pA==;13161;Ts8HtDAcS6OWyhayUhNpVw==;-
184610499;13151;jXFZCBjFQo2vz/j2XRe1pA==;13162;4TlzeW2UQruUZKObdeWi5g==;-
184610499;13151;jXFZCBjFQo2vz/j2XRe1pA==;13163;gNEFeUHESR2S56S1l+16yA==;-
184610499;13151;jXFZCBjFQo2vz/j2XRe1pA==;13164;wxEV7/HiTB+EHoqS7TQJAA==;-
184609256;13150;U0MjFCOxRRW2SO1FBC/jZg==;13161;GVf691sQRG+vXFAcKHn2eg==;-
184609316;13150;o3yCZQGNQuywOWZ3+IV2MA==;13163;gT++eANGRU6Vz5FIjRRQ5Q==;-
182943726;13150;uucglW/SQS2nUzCf5KoZ3Q==;13161;Ts8HtDAcS6OWyhayUhNpVw==;-
182943726;13150;uucglW/SQS2nUzCf5KoZ3Q==;13162;4TlzeW2UQruUZKObdeWi5g==;-
182943726;13150;uucglW/SQS2nUzCf5KoZ3Q==;13163;gNEFeUHESR2S56S1l+16yA==;-
182943726;13150;WZwyy0m9TKuzyFdcwjUZ7A==;13161;ijHapYZuTD6mpMQZ/hK4pg==;-
182943726;13150;WZwyy0m9TKuzyFdcwjUZ7A==;13162;O7S9qbBcT6yRwuuTWImyOA==;-
182943726;13150;WZwyy0m9TKuzyFdcwjUZ7A==;13163;gT++eANGRU6Vz5FIjRRQ5Q==;-
184609316;13150;biRkAF1JTnSd5PVXMA3+ZQ==;13161;ijHapYZuTD6mpMQZ/hK4pg==;-
184609316;13150;biRkAF1JTnSd5PVXMA3+ZQ==;13162;O7S9qbBcT6yRwuuTWImyOA==;-
184610499;13150;irZSMZlQSp64xU5SxJ1OHA==;13161;Ts8HtDAcS6OWyhayUhNpVw==;-
184610499;13150;uRhlxP1lQlOCcu5AhytC5Q==;13161;Ts8HtDAcS6OWyhayUhNpVw==;-
184610499;13150;uRhlxP1lQlOCcu5AhytC5Q==;13162;4TlzeW2UQruUZKObdeWi5g==;-
184610499;13150;uRhlxP1lQlOCcu5AhytC5Q==;13163;gNEFeUHESR2S56S1l+16yA==;-
184609256;13150;0n/zA+4qS9qpeFl/XtRbSg==;13161;GVf691sQRG+vXFAcKHn2eg==;-
184609316;13150;o3yCZQGNQuywOWZ3+IV2MA==;13161;ijHapYZuTD6mpMQZ/hK4pg==;-
184609316;13150;o3yCZQGNQuywOWZ3+IV2MA==;13162;O7S9qbBcT6yRwuuTWImyOA==;-
184609256;13150;U0MjFCOxRRW2SO1FBC/jZg==;13162;ELo4aGUzQE+1SP0MeJz81Q==;-
182493873;13121;2R2Q5VROS9ugV23Ti20dnw==;13121;X7B1lgOfTDC2KGdZ0cIfsw==;-
182493873;13121;+cS+rPgtQiON/3Qph4bVTQ==;13121;nFEEuDRBSF+imDjPg7VpTA==;-
182493873;13121;f7efC3iKQhKDAK4BZ3IukQ==;13121;MhzKgJsCRJihSVIKPn9BfA==;-
182493873;13121;X0JlelrTRPGmtO9E4EGO2Q==;13121;tJnKPQslRLSlOvGCjInwGA==;-
182493873;13121;Xitvud+uQQ6wJH+rxYqotA==;13121;tJnKPQslRLSlOvGCjInwGA==;-
182493873;13121;OAEo/0dkTz2Je5z4fcHf9w==;13121;JlAsvkGfT7WytZDOVg+vrA==;-
182493873;13121;0s5r2qpYTUalGFCA8obpTw==;13121;MhzKgJsCRJihSVIKPn9BfA==;-
182493873;13121;iqUni58BRvapOpBR1OROkQ==;13121;/bsQTgYpQTGabNzQVlGlfg==;-
182493873;13120;tk/08mktTs2C3146yinfMg==;13120;PA+n4y9cR8SZ7Pf7qRrV/A==;-
182493873;13120;fG3gh+f2SIq9woWpNIqSFg==;13120;V+RIFquRQdOkeIQM0T8tkw==;-
182493873;13120;k5DBghEfTVihrJtL6LU7MA==;13120;PA+n4y9cR8SZ7Pf7qRrV/A==;-
182493873;13120;7DOgnsgATOGA+9SB7WTZTA==;13120;V+RIFquRQdOkeIQM0T8tkw==;-
182493873;13120;SvLbSEi1ScGEcySfHQcYbg==;13120;NZHRWe5eQGuaxNGNsddNGw==;-
182493873;13120;DH12eISvRHmi8SkjSEekpQ==;13120;V+RIFquRQdOkeIQM0T8tkw==;-
182493873;13120;GhXyoHChRaaf9kgcVDJArQ==;13120;9Yt1QH+ZRNK/jj340Hi+OQ==;-
182493873;13120;gNc1zqeBRWGmKDc8POJOFQ==;13120;NZHRWe5eQGuaxNGNsddNGw==;-
182493873;13120;RcnBhEt7RY+C1zYPF93n3g==;13120;5+T4utsrRy+vP4So0t3VNg==;-
182493873;13120;FSOQARZCTeqgHDVWdvYTCw==;13120;NZHRWe5eQGuaxNGNsddNGw==;-
182493873;13119;gBUo/ezGQe26EmMroIFJTQ==;13119;ViQfQsHMS1O1kWCHBBhUUA==;-
182493873;13119;TyZ45n54QUK3+7Q120LsCA==;13119;ViQfQsHMS1O1kWCHBBhUUA==;-
182493873;13119;anM/U6ZuSfWOA8gZXX8Eeg==;13119;ov0mN0VsRHCaaCCG5QAzAQ==;-
182493873;13119;6l/vdgC/Sam6BpevgRWBnw==;13119;ViQfQsHMS1O1kWCHBBhUUA==;-
182493873;13119;bepqnk++QGavczBezb2iHg==;13119;ov0mN0VsRHCaaCCG5QAzAQ==;-
182493873;13119;f6XFtUmJS5a9p1Pzn/pS4w==;13119;dMCqfoqtQ/us/5Z7hb7hMw==;-
182493873;13119;pMapPhHUQH2rLUgXwKoXoA==;13119;ViQfQsHMS1O1kWCHBBhUUA==;-
182493873;13118;myOK1hnXSFy+BrGN09Lr6w==;13118;yeYBP40eQjmrpP0hYWnwlg==;-
182493873;13118;3nR0seooRo6fTHxmlrLeSg==;13118;yeYBP40eQjmrpP0hYWnwlg==;-
182493873;13118;JCQKXWGSS/W9AFTK9Pu9CA==;13118;tnCSk0K2SgOyzNyab0yu9Q==;-
182493873;13118;OybiWzy6T9mabO2kE2Dzsg==;13118;CGegBMSzSn+a1RXfFwdGng==;-
182493873;13118;7gwE+11DRMG4ob48DWD1xA==;13118;CGegBMSzSn+a1RXfFwdGng==;-
182493873;13118;agUH7i6eSuCZPu/o5ZG60Q==;13118;fa6zS3FoRiaW5rU48HJOGQ==;-
182493873;13118;0BqThMOHRsKdnrta6qyvGQ==;13118;yeYBP40eQjmrpP0hYWnwlg==;-
182493873;13117;R6Kf32e7ToCmS/8NnHx7Og==;13117;vUWZhxIBQMWr69049JlJkQ==;-
182493873;13117;73wLsrOeRNCvAtuCricXQg==;13117;FvMylJH2RzSCCRw9N2/+mQ==;-
182493873;13117;TM8hTMbwTDeGhlONtrAc5A==;13117;vUWZhxIBQMWr69049JlJkQ==;-
182493873;13117;tyDMNx0QRLCa4JAj/YA5Og==;13117;Xo4pNA0oSaa3WOAUZWdI7g==;-
182493873;13117;mG6cbSQ6Qa+nJpNuNW18Yg==;13117;4O0gepstRLi9I4cFIodHfg==;-
182493873;13117;mud9myw4SKKHiNrINR6gyw==;13117;4O0gepstRLi9I4cFIodHfg==;-
182493873;13117;1azP5dfwTbKzCSS+blpegg==;13117;4O0gepstRLi9I4cFIodHfg==;-
182493873;13116;3IAviWdkRxKwvGck/tzSXw==;13116;cLsXd02gScGpoSYGC6pWrQ==;-
182493873;13116;IyWuwLCbTIOt/8v86/dTGg==;13116;pA/G/CbbRFCpLzv8ebOK5w==;-
182493873;13116;mnuGp4mtT825w/Ro/c+ZJg==;13116;cLsXd02gScGpoSYGC6pWrQ==;-
182493873;13116;RJLQOLZ3ThmqBZ0GtCSqiA==;13116;GCNOB8i+SBaJDgsbMzo6dA==;-
182493873;13116;jA9tSnGNSLKKUwGSIF2k2A==;13116;GCNOB8i+SBaJDgsbMzo6dA==;-
182493873;13116;7XsISx+QRmqaGCZH47Mgvw==;13116;cLsXd02gScGpoSYGC6pWrQ==;-
182493873;13116;LBzoz6RGQJGdgbmGUuBm6Q==;13116;cLsXd02gScGpoSYGC6pWrQ==;-
182493873;13116;+qD8Y/OXRHy/uOZdYRprYQ==;13116;R7qxzgtyQSW95RYMKfeMIg==;-
182493873;13115;skSRcFvbT+q9SdONWO0dlw==;13115;43heJxpRR2OfDVyv9WakmQ==;-
182493873;13115;QEc3nMRiTWqSUBp0jSEqJA==;13115;43heJxpRR2OfDVyv9WakmQ==;-
182493873;13115;LWs2e/51SQ6bkx15CR+DYQ==;13115;CymlcxhFTYKdOYWCA+7Bgw==;-
182493873;13115;TJwninnkRKyZ17y55sEjdw==;13115;43heJxpRR2OfDVyv9WakmQ==;-
182493873;13115;NRfpbD6CTCiJN08InZxGRg==;13115;9B8rTrYES9KyVMIcV2rCsw==;-
182493873;13115;ChTG6X6FQXS8YJkylf9+zw==;13115;43heJxpRR2OfDVyv9WakmQ==;-
182493873;13115;jiT9tHwrRES/rLg49aiW1Q==;13115;X7mC9LIgT3agF2e7JIGi5Q==;-
182493873;13115;ZSFVR4VaTHq1wlBLvL8uNA==;13115;Cj2AuGDCRwu5stlvZfmOYQ==;-
182493873;13115;jpy9dutGQeWpv64fj0vdQw==;13115;WPHbmmNDT9iLUzZfTUKXfA==;-
182493873;13115;qMcGF6z4RIS2A6lYkmkWFQ==;13115;43heJxpRR2OfDVyv9WakmQ==;-
182493873;13114;EkBM94fURkqT/pSGCaSFOg==;13114;qF5Ys7lHQsK/wrBWWLvQHw==;-
182493873;13114;OePH8dW7TTCeFh9/mli4sg==;13114;qF5Ys7lHQsK/wrBWWLvQHw==;-
182493873;13114;wCVrzbOCRvmebhJIittN/A==;13114;C5FcICDtR0GxZjVy7teOkA==;-
182493873;13114;GrvPLU0YS1OjSWesJAjX0w==;13114;LQykIjgRQsWfaqTFdgVdrA==;-
182493873;13114;fprAh1wyQcagvWVSc9BrIw==;13114;shOJMV8jT+GRk0e/8zstgw==;-
182493873;13114;f+KYc4BbRZSWI6vcy2N6dw==;13114;C5FcICDtR0GxZjVy7teOkA==;-
182493873;13114;TLtqW44RSJWSMZFRYBCcjA==;13114;lPxirezkTRSrKmFFauMePw==;-
182493873;13114;Vmdw/FsuSYGHobtcFYUX4w==;13114;fAX7aa0pRU2K3rbLr0bscA==;-
182493873;13113;4ftT/RxGS5y0lRxbp9/f5A==;13113;QzbifBRgQAmkYAfU83Cd6A==;-
182493873;13113;afMgr/e/TSe7kzZt1Yh15A==;13113;JdIQSunaRL+Ma5jFoBe8yA==;-
182493873;13113;wAnMvr3FTZmtzVVAl1mLXw==;13113;0kSWG8OJTxukV+a3UGlhoQ==;-
182493873;13113;YJp+/q3+SXuRqSTu2QDiXw==;13113;0kSWG8OJTxukV+a3UGlhoQ==;-
182493873;13113;s6ixW0yASeqq/80yURwo/Q==;13113;tP4TcBI+S72iZ/w61eOB5g==;-
182493873;13113;kt3iXbzOQIej39SADwN9lQ==;13113;tP4TcBI+S72iZ/w61eOB5g==;-
182493873;13113;fbgYo8jQRnyIn5dBEax8gg==;13113;0kSWG8OJTxukV+a3UGlhoQ==;-
182493873;13113;IkzNEiQ2QCqzfpfCXpfCnA==;13113;vrOsa2yGTF65xJkCqju4EA==;-
182493873;13113;GBgy0u9VR42XS9Mo9HXhZA==;13113;0kSWG8OJTxukV+a3UGlhoQ==;-
182493873;13112;E04teBb1RGaF3jvjGfbTbg==;13112;XxUcwBsSSUGo443pUuCnMg==;-
182493873;13112;ppbzZ3qaSEOheCGhDBKURg==;13112;XxUcwBsSSUGo443pUuCnMg==;-
182493873;13112;jZ/eqRB0RLeJ8lnRwDBKHw==;13112;papZYX84SmKx/1Or+EHfjA==;-
182493873;13112;UpV/p/LeQz2SoCN5sMsT9A==;13112;XxUcwBsSSUGo443pUuCnMg==;-
182493873;13112;eYpuSoyHQUKv8PQnJlTiRQ==;13112;kmVubSl5S2+TlSGgfrVgGw==;-
182493873;13112;TWSg0xlHT7W3lt88PKOkJA==;13112;ctPvG0k7RQe2OADuSynLeA==;-
182493873;13112;aydbei8FRhGfLkurJJhlrQ==;13112;XxUcwBsSSUGo443pUuCnMg==;-
182493873;13111;VLUpJqVsRFugK2GavhMN6A==;13111;E3F3/KPESc2VQwCxOM/j4w==;-
182493873;13111;uaGylYzAT/SfBWleWCWOug==;13111;Yzc9TRD7QAC/+ne+FA0M0A==;-
182493873;13111;DmC7oHuhTTeLnydLo0BE2Q==;13111;Yzc9TRD7QAC/+ne+FA0M0A==;-
182493873;13111;2JX0tdBoS4SQIqtQUnXGlg==;13111;PldHS6QZTzm7v+muFDJX0w==;-
182493873;13111;4cKk+hiCTKSSBQY/hcWOYw==;13111;E3F3/KPESc2VQwCxOM/j4w==;-
182493873;13111;qT7YvkyuQLer+vqh4aCxJQ==;13111;E3F3/KPESc2VQwCxOM/j4w==;-
182493873;13111;LT4RyZseQuafx4hPjJWHvg==;13111;/uh5rYOwQs+VVqRZ0wifSw==;-
182493873;13110;DHBqQZSxR5WU8NrvJ/1t/Q==;13110;JSKFQhXlRLmDMor3wlN3pQ==;-
182493873;13110;4Gs5bGCMT3eTOXgruvaBVw==;13110;yegcZHduSUejdeiiPBBXcw==;-
182493873;13110;7XypAwd2TCyjUX0dwrLtUQ==;13110;Q2PhrW+6T7i3NQ+8eD8VxQ==;-
182493873;13110;Kdzopr1YSAeLxhLUquyi6g==;13110;yegcZHduSUejdeiiPBBXcw==;-
182493873;13110;92t5PNWVS8eWyQ0ImUZfpg==;13110;JSKFQhXlRLmDMor3wlN3pQ==;-
182493873;13110;zKqqsfpUTCW7gKzdToQsRQ==;13110;JSKFQhXlRLmDMor3wlN3pQ==;-
182493873;13110;XcIBO4l0Q+yGpIlGKD1QWA==;13110;nGZvTv+GRHGCyUEp/Oec9g==;-
182493873;13109;i8Z/YAkZS6exUtyK8PcaKw==;13109;UIWUC3/nQkix5cDJaAssnQ==;-
182493873;13109;XTmOGdlhTiGZRmtpJI0RXw==;13109;UIWUC3/nQkix5cDJaAssnQ==;-
182493873;13109;I+S5kyeyQaSH6ow8FVusZA==;13109;qBTrEvXbTMqqT9ne2Y4YIg==;-
182493873;13109;fW6WESRKTx6x9ClppeGQlA==;13109;qBTrEvXbTMqqT9ne2Y4YIg==;-
182493873;13109;qe0zj3gbSsKDC2rC5iE24g==;13109;AQ9lDfXATQKDPpI2YIkZfA==;-
182493873;13109;2dBxPFc+SQm7CZtPv89P0g==;13109;qBTrEvXbTMqqT9ne2Y4YIg==;-
182493873;13109;yaxaqjaASpG7akslSu4JHA==;13109;X3svBpTnQvmOAp52pKu7ew==;-
182493873;13109;6m9qEfHvTlKTW2+eqeHgDg==;13109;qBTrEvXbTMqqT9ne2Y4YIg==;-
182493873;13108;MlIBEmwzR0q0aK1+9rnRwQ==;13108;YoLTwXtJRBacubCjoNr+1A==;-
182493873;13108;rcyHzt8tRP2+j64xFvIz4A==;13108;8FOeC0dpS4C6oQZhTwF8Vw==;-
182493873;13108;F/b9FhL7RnWuNua+l/bI4w==;13108;YoLTwXtJRBacubCjoNr+1A==;-
182493873;13108;aoDnA6J+RXKO1gVPGYwDyw==;13108;uQ/p4i+/SlSvRwHxf6EXcA==;-
182493873;13108;Is+J48ffSBOuVu9OldEP7Q==;13108;YoLTwXtJRBacubCjoNr+1A==;-
182493873;13108;a4flMCRGTx6gydc/mNE6tg==;13108;ggzriOuCSzeb/7PQWHRJpQ==;-
182493873;13108;ttpEBoNeTD6Krv/gEeL0PA==;13108;A+xrPjw8SB6++cs1zSTiHg==;-
182493873;13108;bztmYk1VTrqqNmWE+RaPrA==;13108;YoLTwXtJRBacubCjoNr+1A==;-
182493873;13108;ZdBbzw7cT22zpUXbRG8kQw==;13108;Ta1ZVJnXSgms0H8El7p7hQ==;-
182493873;13107;3pW73b2CRGW1W5rKgJmJ3A==;13107;Zzg1QiUBQuipDMUAr6mwBA==;-
182493873;13107;IDWUYupqSROClH1sav+AjQ==;13107;VTYEqBz8T5+2UczpwyJHOA==;-
182493873;13107;FWypAZcjQ3Sv8PnHcHgq3A==;13107;8lSNzEcwRdahSMEsn7JZig==;-
182493873;13107;DPOmXyT/TIakJJ198Rkweg==;13107;LhgkBeQHSMK3WcPsFl2QUA==;-
182493873;13107;E+rPloz4QjSqnCqrWHIlBQ==;13107;JEafeu1nS/mbl5/9TZGXhw==;-
182493873;13107;WHhPmN1DTF6pul82VktYSg==;13107;LhgkBeQHSMK3WcPsFl2QUA==;-
182493873;13107;coIvCPj3SmKCHpE/EleaMA==;13107;YrzFmGrsT1eby3iWuwgtEw==;-
182493873;13107;XI/6+qTQQVqJYsSHpDNs4w==;13107;Zzg1QiUBQuipDMUAr6mwBA==;-
182493873;13106;QYuVaCH7Sie2shCysXqzCw==;13106;LWLkBDj5Qbig99G/oBeVyg==;-
182493873;13106;BxWxCa/wReyvriCZBv3reA==;13106;W7qML64DTcCUnqCakh5eGQ==;-
182493873;13106;Pm+Umw2eQi6/DV1RgdKPBA==;13106;R9R37QcTQcuBAFjVFLE2yQ==;-
182493873;13106;/JNugJLvQ3SrRpkwk+cecg==;13106;R9R37QcTQcuBAFjVFLE2yQ==;-
182493873;13106;A5amYp/ISZicslVle+pBSA==;13106;KKvfRgZBQBq9+VE+JBFfRQ==;-
182493873;13106;adMQeofsQJy3uU0wad6sug==;13106;m2Vgw5s9TRuauiPMuU3QQg==;-
182493873;13106;StVLrqzrS7yd15FotqEKqQ==;13106;R9R37QcTQcuBAFjVFLE2yQ==;-
182493873;13106;MQx6S9HVQTCV7hHI8zWqqQ==;13106;LWLkBDj5Qbig99G/oBeVyg==;-
182493873;13105;JaVNJU8gRvGb9DaV0BRiNA==;13105;+6HMx65zSyyoMY+toSy0ig==;-
182493873;13105;sYSSj4MwQ9StVmmjGHPCvA==;13105;tidTAqpgQcS4aYi7QayGRQ==;-
182493873;13105;AkVU/j/qRgWStj5YDVFgbA==;13105;dQ8NLjyYR4av30G2Rthygw==;-
182493873;13105;khGzXVFERQOU29DOv/b0ng==;13105;+6HMx65zSyyoMY+toSy0ig==;-
182493873;13105;GFzglC2AQ2KCkBFBF1xJww==;13105;z7W41daXS/GTpcwFq1hSRg==;-
182493873;13105;oUfeTf4qSTiMnisa/pCROQ==;13105;+6HMx65zSyyoMY+toSy0ig==;-
182493873;13105;b1SAHwWRQp+QaAQ0MjxnIA==;13105;+6HMx65zSyyoMY+toSy0ig==;-
182493873;13104;4wdVDsPySOmI4NxdSL8lkA==;13104;h5BeOiJNTi2tEteK35QPsw==;-
182493873;13104;gLWcBY8kTXilPia3l4Ou7Q==;13104;Zq95Jz6iQYungqeVJjFhVA==;-
182493873;13104;tzm9DjwzT8Scj3L0hacTIQ==;13104;DpSs2uQkSnuMtcPmdv6G5w==;-
182493873;13104;rT44cY9uSsyQ3XbqdWzkSg==;13104;BrSp6USQQi6y2aSnUkd/aA==;-
182493873;13104;u9R7kWv9QSecHI+o5RdTcA==;13104;BrSp6USQQi6y2aSnUkd/aA==;-
182493873;13104;LO9RfAZjTg20u4MztwqM2g==;13104;RCMmtrXzSFixNpwmOlNrAA==;-
182493873;13104;OxT94FXBRYGc25RsJfifZw==;13104;BrSp6USQQi6y2aSnUkd/aA==;-
182493873;13103;a+XC2OM/QduD4xrTDBZn7A==;13103;KXB/EJ41ROOG2/8XVulzHQ==;-
182493873;13103;/NlwOcXPQhiQZxpoVsS6xA==;13103;tGh9louoRvWnM98jhNho2w==;-
182493873;13103;X6hxcTq5SZapQPpEjNomyg==;13103;CvfIMjStThOxVfkUtnUYEA==;-
182493873;13103;+Pcx92nwSpaTH+SGr6+xRw==;13103;tGh9louoRvWnM98jhNho2w==;-
182493873;13103;kSI8F86jS1aXUZxHi9KxyA==;13103;KXB/EJ41ROOG2/8XVulzHQ==;-
182493873;13103;DOEfLPxpSQKF7HTlOKuFUg==;13103;tGh9louoRvWnM98jhNho2w==;-
182493873;13103;HD9nKosWRGyFO5nLXip39g==;13103;9u6oGWp6S9mUL+XiQBcKHQ==;-
182493873;13102;Q/aUQTLVSZW8JgtekwaV1A==;13102;SNRTW5p5T0aVkYaxEvnNRQ==;-
182493873;13102;ISn+MFEWTA2cVb1GgQSk0g==;13102;7qHUYg1uT3qQTasYh9AJXQ==;-
182493873;13102;q7BCvZpTSJ68xdUbiCVgig==;13102;7qHUYg1uT3qQTasYh9AJXQ==;-
182493873;13102;UJqKQN2KR2qdk5RNX4HCNQ==;13102;7qHUYg1uT3qQTasYh9AJXQ==;-
182493873;13102;HXFXgMWWSPyQhBBVtmRiNA==;13102;SNRTW5p5T0aVkYaxEvnNRQ==;-
182493873;13102;PJfOh+zpS+m3vqM7aWK98g==;13102;p65eWdRCRfy+51shtr8cFA==;-
182493873;13102;rCGCtLHKTearaqwmCDOT9Q==;13102;7qHUYg1uT3qQTasYh9AJXQ==;-
182493873;13102;a2rLg4wOQfeVvI0CyyHZ3g==;13102;2qpq5kGyQkicsQIfoAdYCg==;-
182493873;13101;6oVJfw4hTTWKv838RRcSQA==;13101;p4LjZvnCQ0GePvblrlM1yw==;-
182493873;13101;+weGicRtT8iQyyf6vts66A==;13101;frAmnlvHRSqn9ki0Tu/KVA==;-
182493873;13101;qYLr1DPqQSWdV3UTkE0uMw==;13101;f7aU1vooThS2v3WpiO7Euw==;-
182493873;13101;MjIqxxkHT6+tTGsS+Zk0DA==;13101;5FT5nrd0T5iLdHkgA/49QQ==;-
182493873;13101;C3EFkcK4RwuSit0QbUP9Ig==;13101;sfyMWsn2Qgy+newgiFp/Nw==;-
182493873;13101;RQwj0V7jQLC/sPtmS0h0NA==;13101;f7aU1vooThS2v3WpiO7Euw==;-
182493873;13101;2aiALRK+RbOeqBo4aeilfw==;13101;f7aU1vooThS2v3WpiO7Euw==;-
182493873;13101;kSHBZgUOQQqm6qwcOjBRAw==;13101;CK6u/JioTNu1KTSD2KKq+Q==;-
182493873;13101;eJyjmOdcTJWgVdZ5/dnTVA==;13101;f7aU1vooThS2v3WpiO7Euw==;-
182493873;13100;a9IN6aGbQ8KMCUYpRfHORw==;13100;+7tTuyIjQ22++Wf5c8bXkQ==;-
182493873;13100;fiXmqle+T96IOUX/197C8g==;13100;pWvAZ1izQNq5H8GBHXR+NA==;-
182493873;13100;Kb1kV85ATkqJQfnU8fUoSA==;13100;gfn7eEHbQAqBcrQhzBfYWg==;-
182493873;13100;30YWtTUoREG2X9ItgjxtZw==;13100;pWvAZ1izQNq5H8GBHXR+NA==;-
182493873;13100;Q9IXTxyIQKef0XJ17VIl8w==;13100;3sL+3aYSTfe42orjhbBp/Q==;-
182493873;13100;y6OSaNKDSfqxrB6LqsoqzQ==;13100;3sL+3aYSTfe42orjhbBp/Q==;-
182493873;13100;nq/zlz/PTy+ROFlXjdj0fQ==;13100;wqj4hBBQSJKYz0xPKoThlg==;-
182493873;13100;NnJwyNKHQ8KfnHEx8GWgNw==;13100;1Lcf3MnPRnmdCFpQBFsV0Q==;-
182493873;13099;cj+aKz7SQqGVPIC4+iMKgg==;13099;SDIVTa8nS2qhdiZWAhmHLg==;-
182493873;13099;yaocGnUKQZC6eKJUgq4igw==;13099;FWC1nwndSIyBodwIxdMlvg==;-
182493873;13099;Cg3KswsiT/GtB9efZvXtJQ==;13099;iaiWrMYcSGCFpufPaB6d4g==;-
182493873;13099;r87tPuOMSOShKB+xsZrkfQ==;13099;3rTPQU9fTMumn1KI+aXPfw==;-
182493873;13099;teUowQRiTOySga5twADD0g==;13099;7K95s7VcSoaYCMVjYeH4cA==;-
182493873;13099;bBDDhn5mT/K7g16BZ2DiSA==;13099;SDIVTa8nS2qhdiZWAhmHLg==;-
182493873;13099;MWSXL52aS4iJP4Lirv2osw==;13099;SDIVTa8nS2qhdiZWAhmHLg==;-
182493873;13099;Q5q/oumLREK3hMex9OpgFg==;13099;FWC1nwndSIyBodwIxdMlvg==;-
182493873;13098;/0xvVhNKSNa9kKeQ8mHo1g==;13098;AZ5gg0WVSxCzi3f6Xak2YQ==;-
182493873;13098;eem5ZhGnTiWXKb/4QEmd5Q==;13098;ONllg5Z4QjyxEspayWsH9g==;-
182493873;13098;Eg3z0TABRuScP22vTdQYTw==;13098;ONllg5Z4QjyxEspayWsH9g==;-
182493873;13098;nLpz6E09S2uASs8r8yH+5w==;13098;AZ5gg0WVSxCzi3f6Xak2YQ==;-
182493873;13098;ES7sH3NySreWh+1QIjOL2Q==;13098;ONllg5Z4QjyxEspayWsH9g==;-
182493873;13098;iZsEqpavQkS3E+NFZyxyCA==;13098;ONllg5Z4QjyxEspayWsH9g==;-
182493873;13098;8GViRWofRrmJx4VJY8Iu2w==;13098;9j1aR3YSTQWAA+ppkvD2tA==;-
182493873;13097;GVznH/FtSgKODE088oI9pQ==;13097;HE8LlhNFQu+JBdXACILXvg==;-
182493873;13097;wpqhTjP6StqyYq3nhu4Z7g==;13097;SPU1DSZOSN68RdZAsfrXTA==;-
182493873;13097;Fci5suEBTM+lgguO8XiQaw==;13097;beM5wZDQSFuLJYn1NrW4sA==;-
182493873;13097;LmuTRog9REq0uR8FhZy7ZQ==;13097;SPU1DSZOSN68RdZAsfrXTA==;-
182493873;13097;1En0NtgiRx2ONmZq/jK/IA==;13097;NLriY/PnQgKNHYasXKaLtg==;-
182493873;13097;t56jMZ56SoWuefK9QytqBA==;13097;45COk9trRCCzspsOpqODqA==;-
182493873;13097;7FXM3xw7Tcidwrx9D+aFDw==;13097;SPU1DSZOSN68RdZAsfrXTA==;-
182493873;13096;mJK0CvlkT/mvyVGT4GPdPQ==;13096;flj3WlYZRFyPnDziYUPk1A==;-
182493873;13096;FldXWwIbSrOrqevjrgzaUA==;13096;2MWwZP8CRVS79fh2kv8VKA==;-
182493873;13096;l5rq8fsuSeus2iLiKD3nAw==;13096;YHuZnGDyTDinxbKRqJvwtQ==;-
182493873;13096;V6YqbGQnS5m7ISSpGeI3WA==;13096;kYbWpO/kQEaAnYomK0wayw==;-
182493873;13096;NgeY5LkyTLGENpmMbryaaA==;13096;flj3WlYZRFyPnDziYUPk1A==;-
182493873;13096;7hVK/oR/S7GDr6+ZOIcjsg==;13096;owS2g+PCQfmQ/6XQDrCe/w==;-
182493873;13096;j+mIDpLVR9eewZ7zEK4prQ==;13096;flj3WlYZRFyPnDziYUPk1A==;-
182493873;13095;2FFb+nDKSt2OzjYIrIQPcA==;13095;+V9eessBTWC9+Eb0Lz/Wpw==;-
182493873;13095;hBaMak2RQniSMImGLW9FfQ==;13095;+V9eessBTWC9+Eb0Lz/Wpw==;-
182493873;13095;zRHBcFcgQiW5Kp+x+Tm70w==;13095;VIawE8zZR7OOaWJ1qhYb7g==;-
182493873;13095;nExsTbuQRoyjiQOUxQOo3Q==;13095;+V9eessBTWC9+Eb0Lz/Wpw==;-
182493873;13095;Opx0K6euSwuP6EDkWTYq7g==;13095;VIawE8zZR7OOaWJ1qhYb7g==;-
182493873;13095;6Pzuk2FXR9aF5TlPGkWSlw==;13095;MmAaJiUeT9yh/xDit/JZkg==;-
182493873;13095;eJGp8YOOQOyblik1Q2UfdQ==;13095;HgOKPZekQNWL4gPWWjalcA==;-
182493873;13095;tR9/JA+RSxWGIJYIFrVYeQ==;13095;VIawE8zZR7OOaWJ1qhYb7g==;-
182493873;13094;kgDWsiM/RuaYkdYxX2TAqQ==;13094;qyvHKEEgS7qCF1jdCTgwHA==;-
181151394;13094;hmkXXIFzSrC2I/m5x+MxQg==;13100;wnX2uxDLToiPfjV3bBU7Vg==;-
181151394;13094;Ru4RxJK5R6aKMO44SnBZyA==;13100;wnX2uxDLToiPfjV3bBU7Vg==;-
181151394;13094;Ru4RxJK5R6aKMO44SnBZyA==;13101;6V7vDPaZTGSN/4c/dJ9I+A==;-
181151394;13094;Ru4RxJK5R6aKMO44SnBZyA==;13102;R6JKXj2lSjurvn44l/kH+g==;-
181151394;13094;Ru4RxJK5R6aKMO44SnBZyA==;13103;DiLUUUocTLWji879TY1qyA==;-
181151394;13094;Ru4RxJK5R6aKMO44SnBZyA==;13104;4wWK0TT0QIiSsTw6+D1n4A==;-
181151394;13094;Ru4RxJK5R6aKMO44SnBZyA==;13105;L6JQeb5KRIywEjmNv3FzzQ==;-
181151394;13094;Ru4RxJK5R6aKMO44SnBZyA==;13106;XPUOLLFkRKuYt/ppDO18PA==;-
181151394;13094;Ru4RxJK5R6aKMO44SnBZyA==;13107;djP53r2FSbmKMoMTCdSuog==;-
182493873;13094;+c2HPqwgQfarITSCT6qT2g==;13094;Mv8V7pZmTyaU5WPzkbNv/A==;-
181151394;13094;zhh2JmhPQN+Adx/iCEoDdw==;13100;KgQemAnfRXigS4Nre/zGZQ==;-
181151394;13094;zhh2JmhPQN+Adx/iCEoDdw==;13101;WTe+GrAFSk+tZk0Y1RHNkg==;-
181151394;13094;zhh2JmhPQN+Adx/iCEoDdw==;13102;Uk3z+G7gRQekumVF7rBmVQ==;-
181151394;13094;zhh2JmhPQN+Adx/iCEoDdw==;13103;eOEwE5b/QruyYFKGc8dydg==;-
181151394;13094;zhh2JmhPQN+Adx/iCEoDdw==;13104;Z/DEJ4tAQce6ZkYSjsRomg==;-
182493873;13094;vIQyC8aRSS+6Wsa+ckO3VQ==;13094;qyvHKEEgS7qCF1jdCTgwHA==;-
181151394;13094;xWmQCEw/S+OURY6WfNfrkg==;13100;KgQemAnfRXigS4Nre/zGZQ==;-
181151394;13094;xWmQCEw/S+OURY6WfNfrkg==;13101;WTe+GrAFSk+tZk0Y1RHNkg==;-
181151394;13094;xWmQCEw/S+OURY6WfNfrkg==;13102;Uk3z+G7gRQekumVF7rBmVQ==;-
181151394;13094;xWmQCEw/S+OURY6WfNfrkg==;13103;eOEwE5b/QruyYFKGc8dydg==;-
181151394;13094;xWmQCEw/S+OURY6WfNfrkg==;13104;Z/DEJ4tAQce6ZkYSjsRomg==;-
181151394;13094;xWmQCEw/S+OURY6WfNfrkg==;13105;xWa2r/eBTsatH/KdhVgNXA==;-
181151394;13094;xWmQCEw/S+OURY6WfNfrkg==;13106;0y2UEEHGS7qrvnp7jpfzWg==;-
181151394;13094;xWmQCEw/S+OURY6WfNfrkg==;13107;YhwyvWtqRBegkZsIotn3hg==;-
182493873;13094;uQQUeHdiRtikFcdfLWkwTw==;13094;qyvHKEEgS7qCF1jdCTgwHA==;-
182493873;13094;pEJ9DRVKTVOcOfJQepy06g==;13094;Mv8V7pZmTyaU5WPzkbNv/A==;-
182493873;13094;TS7Dke8/QpC+abuBuMeJzg==;13094;qyvHKEEgS7qCF1jdCTgwHA==;-
181151394;13094;6EcSkxNbT0u5MQKmvjiJnA==;13100;SeZ/nz3ZS66/IhOjtjCGPQ==;-
181151394;13094;yZGVmIUORBGa/mabETNMUQ==;13102;cifqRf4xSbu21Au39e0s3w==;-
181151394;13094;yZGVmIUORBGa/mabETNMUQ==;13103;1+LkPXOHTHiVUplljJZqrw==;-
181151394;13094;yZGVmIUORBGa/mabETNMUQ==;13104;x0oW60BDRjKF8NrONkPBWg==;-
181151394;13094;yZGVmIUORBGa/mabETNMUQ==;13105;dOqr3UFyTG+NKSBtDpJnjA==;-
181151394;13094;yZGVmIUORBGa/mabETNMUQ==;13106;uTG9IfjZSOOlUjzABZ1sXw==;-
181151394;13094;yZGVmIUORBGa/mabETNMUQ==;13100;SeZ/nz3ZS66/IhOjtjCGPQ==;-
181151394;13094;yZGVmIUORBGa/mabETNMUQ==;13101;0sz66F2iShmgRD+10SBe8Q==;-
181151394;13094;yZGVmIUORBGa/mabETNMUQ==;13107;WoDUQZIeQ2W1wJbd/amO1w==;-
182493873;13094;Vjd5BdYoSDebDszfXsOHGg==;13094;qyvHKEEgS7qCF1jdCTgwHA==;-
182493873;13094;/qW6budSReGbDYyPQr/XKA==;13094;JD1OHBLVTNagsWxa3GGvaA==;-
182493873;13094;9o1kiHDxSp+JdpKmWXlaCA==;13094;umZH3lcxQCK9XBXUq477Tw==;-
182493873;13093;hciEz773S/qHeBncbZOcSA==;13093;yOJEfuzLSSKomDnv+a7t+w==;-
182493873;13093;cswnkgAHSmaDM3kz89KIVg==;13093;WrYHyyvjScy0E9kotd0hNg==;-
181151394;13093;uQqIwctARge9foVsv3g/oQ==;13101;0sz66F2iShmgRD+10SBe8Q==;-
181151394;13093;uQqIwctARge9foVsv3g/oQ==;13102;cifqRf4xSbu21Au39e0s3w==;-
181151394;13093;uQqIwctARge9foVsv3g/oQ==;13103;1+LkPXOHTHiVUplljJZqrw==;-
182493873;13093;DDhxBMxqQcqVYc2JY4Wn9A==;13093;PRWSRa7DS+CLXG8lsblE6A==;-
182493873;13093;bt2DbgPIQa6W2gWVN++epg==;13093;WDyW8i2iR8uUfGCutSNAoQ==;-
182493873;13093;8EIBztbFTcy+bQxjdAS2PQ==;13093;qxYwkNfsSUqzmazRpYQhNA==;-
182493873;13093;7SxMTFe6RM2braLbXC/TBQ==;13093;WDyW8i2iR8uUfGCutSNAoQ==;-
182493873;13093;9UORQBNvTDS+KfcaxWBjJw==;13093;6NK6bt0EQ2mS68Yl36COgw==;-
182493873;13093;/EPgYWd3SG62YQM4/hlxVQ==;13093;hzr7JxelTGmwD+CqgWMMhQ==;-
181151394;13093;XpNM03SBTnSxhmYkmttIiw==;13100;KgQemAnfRXigS4Nre/zGZQ==;-
181151394;13093;XpNM03SBTnSxhmYkmttIiw==;13101;WTe+GrAFSk+tZk0Y1RHNkg==;-
181151394;13093;XpNM03SBTnSxhmYkmttIiw==;13102;Uk3z+G7gRQekumVF7rBmVQ==;-
181151394;13093;XpNM03SBTnSxhmYkmttIiw==;13103;eOEwE5b/QruyYFKGc8dydg==;-
181151394;13093;zd8VdbEUQWKOZ86PMcpq8g==;13100;KgQemAnfRXigS4Nre/zGZQ==;-
181151394;13093;zd8VdbEUQWKOZ86PMcpq8g==;13101;WTe+GrAFSk+tZk0Y1RHNkg==;-
181151394;13093;zd8VdbEUQWKOZ86PMcpq8g==;13102;Uk3z+G7gRQekumVF7rBmVQ==;-
181151394;13093;zd8VdbEUQWKOZ86PMcpq8g==;13103;eOEwE5b/QruyYFKGc8dydg==;-
181151394;13093;zd8VdbEUQWKOZ86PMcpq8g==;13104;Z/DEJ4tAQce6ZkYSjsRomg==;-
181151394;13093;zd8VdbEUQWKOZ86PMcpq8g==;13105;xWa2r/eBTsatH/KdhVgNXA==;-
181151394;13093;zd8VdbEUQWKOZ86PMcpq8g==;13106;0y2UEEHGS7qrvnp7jpfzWg==;-
181151394;13093;90VtZq12Qmmxb0SsxIS82A==;13100;wnX2uxDLToiPfjV3bBU7Vg==;-
181151394;13093;90VtZq12Qmmxb0SsxIS82A==;13101;6V7vDPaZTGSN/4c/dJ9I+A==;-
181151394;13093;90VtZq12Qmmxb0SsxIS82A==;13102;R6JKXj2lSjurvn44l/kH+g==;-
181151394;13093;90VtZq12Qmmxb0SsxIS82A==;13103;DiLUUUocTLWji879TY1qyA==;-
181151394;13093;90VtZq12Qmmxb0SsxIS82A==;13104;4wWK0TT0QIiSsTw6+D1n4A==;-
181151394;13093;90VtZq12Qmmxb0SsxIS82A==;13105;L6JQeb5KRIywEjmNv3FzzQ==;-
181151394;13093;90VtZq12Qmmxb0SsxIS82A==;13106;XPUOLLFkRKuYt/ppDO18PA==;-
181151394;13093;uQqIwctARge9foVsv3g/oQ==;13100;SeZ/nz3ZS66/IhOjtjCGPQ==;-
182493873;13092;8DOvTfdLTA+nkPjp6Ydb5Q==;13092;gQRk0iWYT7q7ggjIuZbQKw==;-
182493873;13092;kNadnSsqTvKrcem2BtFkHg==;13092;KnFIJ8riQw2vmKmgpZGtew==;-
182493873;13092;qDoiq7EISrm+HaAeleFQQA==;13092;gQRk0iWYT7q7ggjIuZbQKw==;-
182493873;13092;yPfVbd9tS/m3cw6iyQQDXA==;13092;KnFIJ8riQw2vmKmgpZGtew==;-
181151394;13092;j3iTrNlMRLm3OXQBoxTT1w==;13100;wnX2uxDLToiPfjV3bBU7Vg==;-
181151394;13092;j3iTrNlMRLm3OXQBoxTT1w==;13101;6V7vDPaZTGSN/4c/dJ9I+A==;-
181151394;13092;j3iTrNlMRLm3OXQBoxTT1w==;13102;R6JKXj2lSjurvn44l/kH+g==;-
182493873;13092;weTAax4qRwuPuf1KYpdkAQ==;13092;m34UqH75SYed/PtzAQmx0Q==;-
181151394;13092;whfDEaPTSeO4HE8pG1dO/w==;13100;SeZ/nz3ZS66/IhOjtjCGPQ==;-
181151394;13092;whfDEaPTSeO4HE8pG1dO/w==;13101;0sz66F2iShmgRD+10SBe8Q==;-
181151394;13092;whfDEaPTSeO4HE8pG1dO/w==;13102;cifqRf4xSbu21Au39e0s3w==;-
181151394;13092;whfDEaPTSeO4HE8pG1dO/w==;13103;1+LkPXOHTHiVUplljJZqrw==;-
181151394;13092;whfDEaPTSeO4HE8pG1dO/w==;13104;x0oW60BDRjKF8NrONkPBWg==;-
181151394;13092;whfDEaPTSeO4HE8pG1dO/w==;13105;dOqr3UFyTG+NKSBtDpJnjA==;-
181151394;13092;zMrMLhJ6Rd2xBfbL1m6wXQ==;13100;KgQemAnfRXigS4Nre/zGZQ==;-
181151394;13092;zMrMLhJ6Rd2xBfbL1m6wXQ==;13101;WTe+GrAFSk+tZk0Y1RHNkg==;-
181151394;13092;zMrMLhJ6Rd2xBfbL1m6wXQ==;13102;Uk3z+G7gRQekumVF7rBmVQ==;-
182493873;13092;JxweKuh3ReG9vD4kpqbIjw==;13092;KnFIJ8riQw2vmKmgpZGtew==;-
182493873;13092;smcuymQLQNG13667yAcsrw==;13092;4qPA3HrLSW6t4F8xY9byFQ==;-
182493873;13092;mpvYIwBPQUGEOkUpqzxAxw==;13092;4Kxldj2ZROWTCfiOj4agUw==;-
182493873;13091;yUr85xMpT+izdUBAr9yUfg==;13091;QAOACQKrRf+XyQynUvuJ8w==;-
181151394;13091;olpWrlx5RDCv0kYssRM5sA==;13104;x0oW60BDRjKF8NrONkPBWg==;-
181151394;13091;dyd6P+4UQeWbSqprw8xtXQ==;13101;WTe+GrAFSk+tZk0Y1RHNkg==;-
182493873;13091;9BA6O61OSK+ApdqN9CASZA==;13091;QAOACQKrRf+XyQynUvuJ8w==;-
182493873;13091;7L3uDTpuQzi0AycM9Snfwg==;13091;91+u9Fk4RYKRWLSIxEKxLQ==;-
182493873;13091;O5hW70pFR/WUmm+H5usohQ==;13091;PPT+VBPpSmOS34NHfGCF+w==;-
182493873;13091;pNJYBK4kRhWdkv7S3CiEZw==;13091;QAOACQKrRf+XyQynUvuJ8w==;-
182493873;13091;1BjObQS3S6uqvJUIQM+EBg==;13091;QAOACQKrRf+XyQynUvuJ8w==;-
182493873;13091;bW8mWanSQk6aNEAT8JymXg==;13091;HsHoFCnhRKWw1kBD30qnqg==;-
181151394;13091;9lTLaCV/T4OC144aI2lQ8Q==;13100;wnX2uxDLToiPfjV3bBU7Vg==;-
181151394;13091;9lTLaCV/T4OC144aI2lQ8Q==;13101;6V7vDPaZTGSN/4c/dJ9I+A==;-
181151394;13091;olpWrlx5RDCv0kYssRM5sA==;13100;SeZ/nz3ZS66/IhOjtjCGPQ==;-
181151394;13091;olpWrlx5RDCv0kYssRM5sA==;13101;0sz66F2iShmgRD+10SBe8Q==;-
181151394;13091;olpWrlx5RDCv0kYssRM5sA==;13102;cifqRf4xSbu21Au39e0s3w==;-
181151394;13091;olpWrlx5RDCv0kYssRM5sA==;13103;1+LkPXOHTHiVUplljJZqrw==;-
181151394;13091;dyd6P+4UQeWbSqprw8xtXQ==;13100;KgQemAnfRXigS4Nre/zGZQ==;-
182493873;13090;AHWpneHYTdu31jso3YvwWw==;13090;9xCBnYW0T9abNH2tX9ejsw==;-
182493873;13090;tJHdIwkfSxCS3oJc579K6Q==;13090;IJCtm272SF6kkXn3UZ558w==;-
182493873;13090;CFz9QQqQQvC5Iznx9FuViA==;13090;/qunDhTqT+y1Q+TnSS5XaQ==;-
182493873;13090;XKaJjLc5QSKOpnA9+D9mpw==;13090;5hSAtjIRQdCcHnEpE8gH9w==;-
181151394;13090;qJlRJIqpTEq0+cO4LCvZaA==;13100;SeZ/nz3ZS66/IhOjtjCGPQ==;-
181151394;13090;Pw4E+0EDQ+qJAV6pLLeWjA==;13100;KgQemAnfRXigS4Nre/zGZQ==;-
181151394;13090;SrMhj5FjTHyKuG2G4Utxfg==;13101;6V7vDPaZTGSN/4c/dJ9I+A==;-
181151394;13090;Pw4E+0EDQ+qJAV6pLLeWjA==;13102;Uk3z+G7gRQekumVF7rBmVQ==;-
181151394;13090;Pw4E+0EDQ+qJAV6pLLeWjA==;13103;eOEwE5b/QruyYFKGc8dydg==;-
182493873;13090;FmlhJ56tRGaMaxrXxXFB7w==;13090;WtIrulLbRE2mpccWbU1Otw==;-
181151394;13090;SrMhj5FjTHyKuG2G4Utxfg==;13102;R6JKXj2lSjurvn44l/kH+g==;-
181151394;13090;SrMhj5FjTHyKuG2G4Utxfg==;13103;DiLUUUocTLWji879TY1qyA==;-
181151394;13090;SrMhj5FjTHyKuG2G4Utxfg==;13100;wnX2uxDLToiPfjV3bBU7Vg==;-
181151394;13090;Pw4E+0EDQ+qJAV6pLLeWjA==;13101;WTe+GrAFSk+tZk0Y1RHNkg==;-
182493873;13089;yUgQu6M4SZSdX7+XDK0JkQ==;13089;9Gx9I1XPR/ujctbMC3MGiw==;-
181151394;13089;PHAdQ7ICROqg7lANFTyajA==;13100;wnX2uxDLToiPfjV3bBU7Vg==;-
182493873;13089;p+y7DGJYTBOsITr7DB7+vQ==;13089;Q5NeR4/fSPaceC+ai8k/tA==;-
181151394;13089;PHAdQ7ICROqg7lANFTyajA==;13102;R6JKXj2lSjurvn44l/kH+g==;-
182493873;13089;gHBwEUE6Q9yYA5UhgVQVPw==;13089;bZfGXCOrQH2XvmPUs+nMPw==;-
181151394;13089;PHAdQ7ICROqg7lANFTyajA==;13101;6V7vDPaZTGSN/4c/dJ9I+A==;-
182493873;13088;fKqCEz0gSmW50ErYAMA9sg==;13088;6gypC3xQQkWC4kkNb+0W3g==;-
182493873;13088;6TD3gpb7Q12geRLn0IKk+Q==;13088;zIHD3+qVQ92FMECc9hxTeg==;-
179751766;13033;ebVBhuQESlWHlkTT9eU/8g==;13039;Qzbu5MFGSTm2kP7utVnh7A==;-
179751766;13033;+lnxfgnWRRiruAQ22Tx1dw==;13039;GlQuYShWRhShYY4hoQ2EZA==;-
179751766;13033;pAUOAXwlT/yRIlG5LGA1Tw==;13040;tm/9DrnRShuHIWBOeekIKA==;-
179751766;13033;pAUOAXwlT/yRIlG5LGA1Tw==;13041;/XBAWgl/SDyfmtuH+FdYmA==;-
179751766;13033;pAUOAXwlT/yRIlG5LGA1Tw==;13042;3xm4ixyuQRy/H4PVxOgJhw==;-
179751766;13033;pAUOAXwlT/yRIlG5LGA1Tw==;13043;5+UFOkFcQoOKCS0fT7Y5Qg==;-
179751766;13033;5ESG3f0jSlWqqerc90s0Ew==;13039;GlQuYShWRhShYY4hoQ2EZA==;-
179751766;13033;5ESG3f0jSlWqqerc90s0Ew==;13040;GOntYHguSgOpDADTSLZT9w==;-
179751766;13033;5ESG3f0jSlWqqerc90s0Ew==;13041;XWUdHdc1SmiE2k35azRNQQ==;-
179751766;13033;5ESG3f0jSlWqqerc90s0Ew==;13042;a2k8unm9QV+ywoj5gKGj3Q==;-
179751766;13033;5ESG3f0jSlWqqerc90s0Ew==;13043;t7ZPsEFlSqmewKC8horJzg==;-
179751766;13033;JajMWoy8RX+R2RwyQC1wIQ==;13039;HS3AOXwnSZCy6j/k59jGWg==;-
179751766;13033;JajMWoy8RX+R2RwyQC1wIQ==;13040;tm/9DrnRShuHIWBOeekIKA==;-
179751766;13033;JajMWoy8RX+R2RwyQC1wIQ==;13041;/XBAWgl/SDyfmtuH+FdYmA==;-
179751766;13033;JajMWoy8RX+R2RwyQC1wIQ==;13042;3xm4ixyuQRy/H4PVxOgJhw==;-
179751766;13033;JajMWoy8RX+R2RwyQC1wIQ==;13043;5+UFOkFcQoOKCS0fT7Y5Qg==;-
179751766;13033;JajMWoy8RX+R2RwyQC1wIQ==;13044;cc82ULNMSTCqYOKFI9Udtw==;-
179751766;13033;JajMWoy8RX+R2RwyQC1wIQ==;13045;iOxQQnNuRLS0zOy2a1Hs9g==;-
179751766;13033;JajMWoy8RX+R2RwyQC1wIQ==;13046;AV6blx6OTqKLZVvsJgfUDg==;-
179751766;13033;wNN0DW8ZR12Yg7bGgk0jTA==;13039;Qzbu5MFGSTm2kP7utVnh7A==;-
179751766;13033;wNN0DW8ZR12Yg7bGgk0jTA==;13040;/VzN11xkRqChL73CfhtB1Q==;-
179751766;13033;wNN0DW8ZR12Yg7bGgk0jTA==;13041;/F9IFgNyRKGaacG6T9alEw==;-
179751766;13033;wNN0DW8ZR12Yg7bGgk0jTA==;13042;GaFRydtpTMK03Am7Z64vxQ==;-
179751766;13033;wNN0DW8ZR12Yg7bGgk0jTA==;13043;jxwXt5kbQFeY0E5lUMGCuA==;-
179751766;13033;pAUOAXwlT/yRIlG5LGA1Tw==;13039;HS3AOXwnSZCy6j/k59jGWg==;-
179751766;13032;N2JhldDgS9u9IKzxWLClIg==;13039;GlQuYShWRhShYY4hoQ2EZA==;-
179751766;13032;5b3YXLYHQNGeGA/s4MiTBQ==;13045;iOxQQnNuRLS0zOy2a1Hs9g==;-
179751766;13032;N2JhldDgS9u9IKzxWLClIg==;13041;XWUdHdc1SmiE2k35azRNQQ==;-
179751766;13032;N2JhldDgS9u9IKzxWLClIg==;13042;a2k8unm9QV+ywoj5gKGj3Q==;-
179751766;13032;eVuVY/HZSzmU68fOlO1WTg==;13039;HS3AOXwnSZCy6j/k59jGWg==;-
179751766;13032;eVuVY/HZSzmU68fOlO1WTg==;13040;tm/9DrnRShuHIWBOeekIKA==;-
179751766;13032;eVuVY/HZSzmU68fOlO1WTg==;13041;/XBAWgl/SDyfmtuH+FdYmA==;-
179751766;13032;eVuVY/HZSzmU68fOlO1WTg==;13042;3xm4ixyuQRy/H4PVxOgJhw==;-
179751766;13032;H0gqq7+xTBGG+SI3xyQKZw==;13039;Qzbu5MFGSTm2kP7utVnh7A==;-
179751766;13032;H0gqq7+xTBGG+SI3xyQKZw==;13040;/VzN11xkRqChL73CfhtB1Q==;-
179751766;13032;H0gqq7+xTBGG+SI3xyQKZw==;13041;/F9IFgNyRKGaacG6T9alEw==;-
179751766;13032;H0gqq7+xTBGG+SI3xyQKZw==;13042;GaFRydtpTMK03Am7Z64vxQ==;-
179751766;13032;RY5Y+q+ZR6u8piKfoywJ6w==;13041;XWUdHdc1SmiE2k35azRNQQ==;-
179751766;13032;RY5Y+q+ZR6u8piKfoywJ6w==;13042;a2k8unm9QV+ywoj5gKGj3Q==;-
179751766;13032;RY5Y+q+ZR6u8piKfoywJ6w==;13043;t7ZPsEFlSqmewKC8horJzg==;-
179751766;13032;RY5Y+q+ZR6u8piKfoywJ6w==;13044;jVrtbCBOSx6SfqIdy6Qm3A==;-
179751766;13032;RY5Y+q+ZR6u8piKfoywJ6w==;13045;FW8SDPSIRGGMD050huVTuw==;-
179751766;13032;RY5Y+q+ZR6u8piKfoywJ6w==;13039;GlQuYShWRhShYY4hoQ2EZA==;-
179751766;13032;RY5Y+q+ZR6u8piKfoywJ6w==;13040;GOntYHguSgOpDADTSLZT9w==;-
179751766;13032;5b3YXLYHQNGeGA/s4MiTBQ==;13039;HS3AOXwnSZCy6j/k59jGWg==;-
179751766;13032;5b3YXLYHQNGeGA/s4MiTBQ==;13040;tm/9DrnRShuHIWBOeekIKA==;-
179751766;13032;5b3YXLYHQNGeGA/s4MiTBQ==;13041;/XBAWgl/SDyfmtuH+FdYmA==;-
179751766;13032;5b3YXLYHQNGeGA/s4MiTBQ==;13042;3xm4ixyuQRy/H4PVxOgJhw==;-
179751766;13032;5b3YXLYHQNGeGA/s4MiTBQ==;13043;5+UFOkFcQoOKCS0fT7Y5Qg==;-
179751766;13032;5b3YXLYHQNGeGA/s4MiTBQ==;13044;cc82ULNMSTCqYOKFI9Udtw==;-
179751766;13032;N2JhldDgS9u9IKzxWLClIg==;13040;GOntYHguSgOpDADTSLZT9w==;-
179751766;13031;DPz80poNRaqxJtfaGr83uQ==;13039;Qzbu5MFGSTm2kP7utVnh7A==;-
179751766;13031;48LqJcCMRyiZXdhAx/19vQ==;13044;cc82ULNMSTCqYOKFI9Udtw==;-
179751766;13031;DPz80poNRaqxJtfaGr83uQ==;13041;/F9IFgNyRKGaacG6T9alEw==;-
179751766;13031;diPSqbLORhqeLONyaewIpg==;13039;GlQuYShWRhShYY4hoQ2EZA==;-
179751766;13031;diPSqbLORhqeLONyaewIpg==;13040;GOntYHguSgOpDADTSLZT9w==;-
179751766;13031;diPSqbLORhqeLONyaewIpg==;13041;XWUdHdc1SmiE2k35azRNQQ==;-
179751766;13031;diPSqbLORhqeLONyaewIpg==;13042;a2k8unm9QV+ywoj5gKGj3Q==;-
179751766;13031;diPSqbLORhqeLONyaewIpg==;13043;t7ZPsEFlSqmewKC8horJzg==;-
179751766;13031;diPSqbLORhqeLONyaewIpg==;13044;jVrtbCBOSx6SfqIdy6Qm3A==;-
179751766;13031;48LqJcCMRyiZXdhAx/19vQ==;13039;HS3AOXwnSZCy6j/k59jGWg==;-
179751766;13031;48LqJcCMRyiZXdhAx/19vQ==;13040;tm/9DrnRShuHIWBOeekIKA==;-
179751766;13031;48LqJcCMRyiZXdhAx/19vQ==;13041;/XBAWgl/SDyfmtuH+FdYmA==;-
179751766;13031;48LqJcCMRyiZXdhAx/19vQ==;13042;3xm4ixyuQRy/H4PVxOgJhw==;-
179751766;13031;48LqJcCMRyiZXdhAx/19vQ==;13043;5+UFOkFcQoOKCS0fT7Y5Qg==;-
179751766;13031;DPz80poNRaqxJtfaGr83uQ==;13040;/VzN11xkRqChL73CfhtB1Q==;-
179751766;13030;zQqgo/aWQiqsaHCI4KH1NA==;13039;GlQuYShWRhShYY4hoQ2EZA==;-
179751766;13030;zQqgo/aWQiqsaHCI4KH1NA==;13040;GOntYHguSgOpDADTSLZT9w==;-
179751766;13030;zQqgo/aWQiqsaHCI4KH1NA==;13041;XWUdHdc1SmiE2k35azRNQQ==;-
179751766;13030;zQqgo/aWQiqsaHCI4KH1NA==;13042;a2k8unm9QV+ywoj5gKGj3Q==;-
179751766;13030;zQqgo/aWQiqsaHCI4KH1NA==;13043;t7ZPsEFlSqmewKC8horJzg==;-
179751766;13030;Iuf0iwEcQCKtZfpOKAfXRA==;13040;/VzN11xkRqChL73CfhtB1Q==;-
179751766;13030;Q89xdj+OTeyGjzbfjQmZow==;13040;tm/9DrnRShuHIWBOeekIKA==;-
179751766;13030;Q89xdj+OTeyGjzbfjQmZow==;13041;/XBAWgl/SDyfmtuH+FdYmA==;-
179751766;13030;Q89xdj+OTeyGjzbfjQmZow==;13042;3xm4ixyuQRy/H4PVxOgJhw==;-
179751766;13030;Q89xdj+OTeyGjzbfjQmZow==;13043;5+UFOkFcQoOKCS0fT7Y5Qg==;-
179751766;13030;Iuf0iwEcQCKtZfpOKAfXRA==;13039;Qzbu5MFGSTm2kP7utVnh7A==;-
179751766;13030;Q89xdj+OTeyGjzbfjQmZow==;13039;HS3AOXwnSZCy6j/k59jGWg==;-
179751766;13029;NqxgN3R7TQil2pzS9Y54aA==;13039;GlQuYShWRhShYY4hoQ2EZA==;-
179751766;13029;NqxgN3R7TQil2pzS9Y54aA==;13040;GOntYHguSgOpDADTSLZT9w==;-
179751766;13029;NqxgN3R7TQil2pzS9Y54aA==;13041;XWUdHdc1SmiE2k35azRNQQ==;-
179751766;13029;NqxgN3R7TQil2pzS9Y54aA==;13042;a2k8unm9QV+ywoj5gKGj3Q==;-
179751766;13029;CKrJFPjsSc2C1eZ582VALQ==;13039;HS3AOXwnSZCy6j/k59jGWg==;-
179751766;13029;AMFcunzaROSP7W7KAxJv2g==;13042;GaFRydtpTMK03Am7Z64vxQ==;-
179751766;13029;CKrJFPjsSc2C1eZ582VALQ==;13041;/XBAWgl/SDyfmtuH+FdYmA==;-
179751766;13029;CKrJFPjsSc2C1eZ582VALQ==;13042;3xm4ixyuQRy/H4PVxOgJhw==;-
179751766;13029;AMFcunzaROSP7W7KAxJv2g==;13039;Qzbu5MFGSTm2kP7utVnh7A==;-
179751766;13029;AMFcunzaROSP7W7KAxJv2g==;13040;/VzN11xkRqChL73CfhtB1Q==;-
179751766;13029;AMFcunzaROSP7W7KAxJv2g==;13041;/F9IFgNyRKGaacG6T9alEw==;-
179751766;13029;CKrJFPjsSc2C1eZ582VALQ==;13040;tm/9DrnRShuHIWBOeekIKA==;-
179751766;13028;+EATUomoTjC48WgNZVcvSw==;13039;GlQuYShWRhShYY4hoQ2EZA==;-
179751766;13028;+EATUomoTjC48WgNZVcvSw==;13040;GOntYHguSgOpDADTSLZT9w==;-
179751766;13028;+EATUomoTjC48WgNZVcvSw==;13041;XWUdHdc1SmiE2k35azRNQQ==;-
179751766;13028;CedEBrw8QN2An0ZcHR3G0w==;13039;HS3AOXwnSZCy6j/k59jGWg==;-
179751766;13028;4qQrDpvdS1yqjA3CYBLH4A==;13041;/F9IFgNyRKGaacG6T9alEw==;-
179751766;13028;CedEBrw8QN2An0ZcHR3G0w==;13041;/XBAWgl/SDyfmtuH+FdYmA==;-
179751766;13028;4qQrDpvdS1yqjA3CYBLH4A==;13039;Qzbu5MFGSTm2kP7utVnh7A==;-
179751766;13028;4qQrDpvdS1yqjA3CYBLH4A==;13040;/VzN11xkRqChL73CfhtB1Q==;-
179751766;13028;CedEBrw8QN2An0ZcHR3G0w==;13040;tm/9DrnRShuHIWBOeekIKA==;-
178556372;13002;i01UkYZjTImUXsj/duEu9w==;13008;mvzP5pIQSbe3EW7BmG6Zog==;-
178556372;13002;i01UkYZjTImUXsj/duEu9w==;13009;ZClc84pZRoy+zyQG30yvAg==;-
178556372;13002;i01UkYZjTImUXsj/duEu9w==;13010;YzXqSQSUSA6s+aos7U2bDg==;-
178556283;13002;RaE9h10DQ12y48yrIP+YxA==;13008;RGaVln7ZTNuw+uYDIqd7Dw==;-
178556283;13002;RaE9h10DQ12y48yrIP+YxA==;13009;xXym4sjnSHaRSiMLiSvFJQ==;-
178556283;13002;RaE9h10DQ12y48yrIP+YxA==;13010;iKKTs3cEQnCAUtcRrybuRQ==;-
178556283;13002;RaE9h10DQ12y48yrIP+YxA==;13011;8SYe8yITRZqfiH4PcovWyw==;-
178556283;13002;RaE9h10DQ12y48yrIP+YxA==;13012;OWS4V46+TCC0duoUcvkUug==;-
178556283;13002;RaE9h10DQ12y48yrIP+YxA==;13013;Y7Q4dOMuSm6weHkxLoBxyg==;-
178556219;13002;JxwCIWn1QieNQjyXMSyu9w==;13008;4/zfeqaTS6+Luu1XhO/ZNw==;-
178556219;13002;JxwCIWn1QieNQjyXMSyu9w==;13009;kuvDCCOrQ5Wwtztx8Rd7bQ==;-
178556372;13002;XiuUb4rOTwOKAut6RQF5aQ==;13008;mvzP5pIQSbe3EW7BmG6Zog==;-
178556372;13002;XiuUb4rOTwOKAut6RQF5aQ==;13009;ZClc84pZRoy+zyQG30yvAg==;-
178556372;13002;XiuUb4rOTwOKAut6RQF5aQ==;13010;YzXqSQSUSA6s+aos7U2bDg==;-
178556372;13002;XiuUb4rOTwOKAut6RQF5aQ==;13011;V9vzWVsSS0W/j1sskxegGQ==;-
178556372;13002;XiuUb4rOTwOKAut6RQF5aQ==;13012;vHmSyc2LR7umJowVBq73mA==;-
178556372;13002;XiuUb4rOTwOKAut6RQF5aQ==;13013;Eh96dwKBS8q7DdqRLS9+Pw==;-
178556372;13002;XiuUb4rOTwOKAut6RQF5aQ==;13014;zardKAF5TYq3AyLlreETAQ==;-
178556219;13002;9RhrIttkS2q+RCAq6xdC7g==;13008;4/zfeqaTS6+Luu1XhO/ZNw==;-
178556219;13002;9RhrIttkS2q+RCAq6xdC7g==;13009;kuvDCCOrQ5Wwtztx8Rd7bQ==;-
178556219;13002;9RhrIttkS2q+RCAq6xdC7g==;13010;oBqjl4p0SS+FNBHu9FaGNg==;-
178556219;13002;9RhrIttkS2q+RCAq6xdC7g==;13011;PJz/LHOfSl6BclFhNDFqLg==;-
178556219;13002;9RhrIttkS2q+RCAq6xdC7g==;13012;bDG16ZlnReyuYbVfg6nLMA==;-
178556219;13002;9RhrIttkS2q+RCAq6xdC7g==;13013;H1i+VwiHT2qYIeXqaCgrMA==;-
178556219;13002;9RhrIttkS2q+RCAq6xdC7g==;13014;LKvQAIpXTai7Ws1b7WyL2g==;-
178556283;13002;rq3LAFEMSvOQOGMjoxaEGg==;13008;RGaVln7ZTNuw+uYDIqd7Dw==;-
178556283;13002;rq3LAFEMSvOQOGMjoxaEGg==;13009;xXym4sjnSHaRSiMLiSvFJQ==;-
178556283;13002;rq3LAFEMSvOQOGMjoxaEGg==;13010;iKKTs3cEQnCAUtcRrybuRQ==;-
178556283;13002;rq3LAFEMSvOQOGMjoxaEGg==;13011;8SYe8yITRZqfiH4PcovWyw==;-
178556283;13002;rq3LAFEMSvOQOGMjoxaEGg==;13012;OWS4V46+TCC0duoUcvkUug==;-
178556219;13002;VyQeZ8qDRJSYhJJS7wgX9g==;13008;4/zfeqaTS6+Luu1XhO/ZNw==;-
178556219;13002;VyQeZ8qDRJSYhJJS7wgX9g==;13009;kuvDCCOrQ5Wwtztx8Rd7bQ==;-
178556219;13002;VyQeZ8qDRJSYhJJS7wgX9g==;13010;oBqjl4p0SS+FNBHu9FaGNg==;-
178556219;13002;VyQeZ8qDRJSYhJJS7wgX9g==;13011;PJz/LHOfSl6BclFhNDFqLg==;-
178556219;13002;VyQeZ8qDRJSYhJJS7wgX9g==;13012;bDG16ZlnReyuYbVfg6nLMA==;-
178556219;13002;VyQeZ8qDRJSYhJJS7wgX9g==;13013;H1i+VwiHT2qYIeXqaCgrMA==;-
178556219;13002;VyQeZ8qDRJSYhJJS7wgX9g==;13014;LKvQAIpXTai7Ws1b7WyL2g==;-
178556219;13002;VyQeZ8qDRJSYhJJS7wgX9g==;13015;bGgMj/sjQ5Cn3H25xILcTA==;-
178556372;13002;9GM0OWhKR26uPbLcgxtYkA==;13008;mvzP5pIQSbe3EW7BmG6Zog==;-
178556372;13002;9GM0OWhKR26uPbLcgxtYkA==;13009;ZClc84pZRoy+zyQG30yvAg==;-
178556372;13002;9GM0OWhKR26uPbLcgxtYkA==;13010;YzXqSQSUSA6s+aos7U2bDg==;-
178556372;13002;9GM0OWhKR26uPbLcgxtYkA==;13011;V9vzWVsSS0W/j1sskxegGQ==;-
178556372;13002;9GM0OWhKR26uPbLcgxtYkA==;13012;vHmSyc2LR7umJowVBq73mA==;-
178556372;13002;9GM0OWhKR26uPbLcgxtYkA==;13013;Eh96dwKBS8q7DdqRLS9+Pw==;-
178556372;13002;9GM0OWhKR26uPbLcgxtYkA==;13014;zardKAF5TYq3AyLlreETAQ==;-
178556372;13002;9GM0OWhKR26uPbLcgxtYkA==;13015;JddumHOwTh2SlKAxGgcQJg==;-
178556219;13002;lkXXPGTMReaqrMcXhg0gWw==;13008;4/zfeqaTS6+Luu1XhO/ZNw==;-
178556219;13002;lkXXPGTMReaqrMcXhg0gWw==;13009;kuvDCCOrQ5Wwtztx8Rd7bQ==;-
178556219;13002;lkXXPGTMReaqrMcXhg0gWw==;13010;oBqjl4p0SS+FNBHu9FaGNg==;-
178556283;13002;FlVrePyLSqS7smNE6NThvw==;13008;RGaVln7ZTNuw+uYDIqd7Dw==;-
178556283;13002;FlVrePyLSqS7smNE6NThvw==;13009;xXym4sjnSHaRSiMLiSvFJQ==;-
178556283;13002;FlVrePyLSqS7smNE6NThvw==;13010;iKKTs3cEQnCAUtcRrybuRQ==;-
178556283;13002;JAhsQmyoQ2uLCk9oRlWsvw==;13008;RGaVln7ZTNuw+uYDIqd7Dw==;-
178556283;13002;JAhsQmyoQ2uLCk9oRlWsvw==;13009;xXym4sjnSHaRSiMLiSvFJQ==;-
178556283;13002;JAhsQmyoQ2uLCk9oRlWsvw==;13010;iKKTs3cEQnCAUtcRrybuRQ==;-
178556283;13002;JAhsQmyoQ2uLCk9oRlWsvw==;13011;8SYe8yITRZqfiH4PcovWyw==;-
178556283;13002;JAhsQmyoQ2uLCk9oRlWsvw==;13012;OWS4V46+TCC0duoUcvkUug==;-
178556283;13002;JAhsQmyoQ2uLCk9oRlWsvw==;13013;Y7Q4dOMuSm6weHkxLoBxyg==;-
178556283;13002;JAhsQmyoQ2uLCk9oRlWsvw==;13014;l/rKWCvjSh+gtRxgDxYzHg==;-
178556283;13002;JAhsQmyoQ2uLCk9oRlWsvw==;13015;3zzIH+QJQo6rzQfv983+sA==;-
178556372;13002;+ObUrKNsTJWmZKb0XG9xlA==;13008;mvzP5pIQSbe3EW7BmG6Zog==;-
178556372;13002;+ObUrKNsTJWmZKb0XG9xlA==;13009;ZClc84pZRoy+zyQG30yvAg==;-
178556372;13002;+ObUrKNsTJWmZKb0XG9xlA==;13010;YzXqSQSUSA6s+aos7U2bDg==;-
178556372;13002;+ObUrKNsTJWmZKb0XG9xlA==;13011;V9vzWVsSS0W/j1sskxegGQ==;-
178556372;13002;+ObUrKNsTJWmZKb0XG9xlA==;13012;vHmSyc2LR7umJowVBq73mA==;-
178556219;13002;mScoJuruS46/8E6B0yg1sA==;13009;kuvDCCOrQ5Wwtztx8Rd7bQ==;-
178556219;13002;mScoJuruS46/8E6B0yg1sA==;13010;oBqjl4p0SS+FNBHu9FaGNg==;-
178556219;13002;mScoJuruS46/8E6B0yg1sA==;13011;PJz/LHOfSl6BclFhNDFqLg==;-
178556219;13002;mScoJuruS46/8E6B0yg1sA==;13012;bDG16ZlnReyuYbVfg6nLMA==;-
178556219;13002;mScoJuruS46/8E6B0yg1sA==;13013;H1i+VwiHT2qYIeXqaCgrMA==;-
178556283;13002;rjWmjNNlTK6ZgitBB3fbwg==;13008;RGaVln7ZTNuw+uYDIqd7Dw==;-
178556283;13002;rjWmjNNlTK6ZgitBB3fbwg==;13009;xXym4sjnSHaRSiMLiSvFJQ==;-
178556283;13002;rjWmjNNlTK6ZgitBB3fbwg==;13010;iKKTs3cEQnCAUtcRrybuRQ==;-
178556283;13002;rjWmjNNlTK6ZgitBB3fbwg==;13011;8SYe8yITRZqfiH4PcovWyw==;-
178556283;13002;rjWmjNNlTK6ZgitBB3fbwg==;13012;OWS4V46+TCC0duoUcvkUug==;-
178556283;13002;rjWmjNNlTK6ZgitBB3fbwg==;13013;Y7Q4dOMuSm6weHkxLoBxyg==;-
178556283;13002;rjWmjNNlTK6ZgitBB3fbwg==;13014;l/rKWCvjSh+gtRxgDxYzHg==;-
178556372;13002;FON03xkETredfPL37QJBUA==;13008;mvzP5pIQSbe3EW7BmG6Zog==;-
178556372;13002;FON03xkETredfPL37QJBUA==;13009;ZClc84pZRoy+zyQG30yvAg==;-
178556219;13002;mScoJuruS46/8E6B0yg1sA==;13008;4/zfeqaTS6+Luu1XhO/ZNw==;-
178556372;13002;ddcg7RQuS3ikbjd2m9DeMQ==;13008;mvzP5pIQSbe3EW7BmG6Zog==;-
178556372;13002;ddcg7RQuS3ikbjd2m9DeMQ==;13009;ZClc84pZRoy+zyQG30yvAg==;-
178556372;13002;ddcg7RQuS3ikbjd2m9DeMQ==;13010;YzXqSQSUSA6s+aos7U2bDg==;-
178556372;13002;ddcg7RQuS3ikbjd2m9DeMQ==;13011;V9vzWVsSS0W/j1sskxegGQ==;-
178556219;13002;ud4dok/pSCSGK1B4sxdI+A==;13008;4/zfeqaTS6+Luu1XhO/ZNw==;-
178556219;13002;ud4dok/pSCSGK1B4sxdI+A==;13009;kuvDCCOrQ5Wwtztx8Rd7bQ==;-
178556219;13002;ud4dok/pSCSGK1B4sxdI+A==;13010;oBqjl4p0SS+FNBHu9FaGNg==;-
178556219;13002;ud4dok/pSCSGK1B4sxdI+A==;13011;PJz/LHOfSl6BclFhNDFqLg==;-
178556219;13002;ud4dok/pSCSGK1B4sxdI+A==;13012;bDG16ZlnReyuYbVfg6nLMA==;-
178556283;13002;2aFM1Oi7QU+LmqedYKTiLA==;13008;RGaVln7ZTNuw+uYDIqd7Dw==;-
178556283;13002;2aFM1Oi7QU+LmqedYKTiLA==;13009;xXym4sjnSHaRSiMLiSvFJQ==;-
178556283;13002;2aFM1Oi7QU+LmqedYKTiLA==;13010;iKKTs3cEQnCAUtcRrybuRQ==;-
178556283;13002;2aFM1Oi7QU+LmqedYKTiLA==;13011;8SYe8yITRZqfiH4PcovWyw==;-
178556372;13001;99sM0KURR2qZlNXkC5wcRA==;13010;YzXqSQSUSA6s+aos7U2bDg==;-
178556372;13001;99sM0KURR2qZlNXkC5wcRA==;13011;V9vzWVsSS0W/j1sskxegGQ==;-
178556219;13001;r7cEVeq/SNiElx4vcUXsSA==;13008;4/zfeqaTS6+Luu1XhO/ZNw==;-
178556219;13001;O0aAWO89QvyKYhX1j89ejg==;13008;4/zfeqaTS6+Luu1XhO/ZNw==;-
178556219;13001;O0aAWO89QvyKYhX1j89ejg==;13009;kuvDCCOrQ5Wwtztx8Rd7bQ==;-
178556219;13001;O0aAWO89QvyKYhX1j89ejg==;13010;oBqjl4p0SS+FNBHu9FaGNg==;-
178556219;13001;O0aAWO89QvyKYhX1j89ejg==;13011;PJz/LHOfSl6BclFhNDFqLg==;-
178556219;13001;O0aAWO89QvyKYhX1j89ejg==;13012;bDG16ZlnReyuYbVfg6nLMA==;-
178556219;13001;O0aAWO89QvyKYhX1j89ejg==;13013;H1i+VwiHT2qYIeXqaCgrMA==;-
178556283;13001;OdCK7RBRSWqch5xRbN6P2g==;13008;RGaVln7ZTNuw+uYDIqd7Dw==;-
178556283;13001;OdCK7RBRSWqch5xRbN6P2g==;13009;xXym4sjnSHaRSiMLiSvFJQ==;-
178556283;13001;OdCK7RBRSWqch5xRbN6P2g==;13010;iKKTs3cEQnCAUtcRrybuRQ==;-
178556283;13001;OdCK7RBRSWqch5xRbN6P2g==;13011;8SYe8yITRZqfiH4PcovWyw==;-
178556283;13001;OdCK7RBRSWqch5xRbN6P2g==;13012;OWS4V46+TCC0duoUcvkUug==;-
178556283;13001;OdCK7RBRSWqch5xRbN6P2g==;13013;Y7Q4dOMuSm6weHkxLoBxyg==;-
178556283;13001;OdCK7RBRSWqch5xRbN6P2g==;13014;l/rKWCvjSh+gtRxgDxYzHg==;-
178556283;13001;YARDYTggQMKoYqGT0NL3nA==;13008;RGaVln7ZTNuw+uYDIqd7Dw==;-
178556283;13001;YARDYTggQMKoYqGT0NL3nA==;13009;xXym4sjnSHaRSiMLiSvFJQ==;-
178556219;13001;CHUNwHNVSQiDVC0GUIx/Mw==;13008;4/zfeqaTS6+Luu1XhO/ZNw==;-
178556219;13001;CHUNwHNVSQiDVC0GUIx/Mw==;13009;kuvDCCOrQ5Wwtztx8Rd7bQ==;-
178556219;13001;CHUNwHNVSQiDVC0GUIx/Mw==;13010;oBqjl4p0SS+FNBHu9FaGNg==;-
178556283;13001;GQzjRFXmSGuRPYtzBOVEKQ==;13008;RGaVln7ZTNuw+uYDIqd7Dw==;-
178556283;13001;GQzjRFXmSGuRPYtzBOVEKQ==;13009;xXym4sjnSHaRSiMLiSvFJQ==;-
178556283;13001;GQzjRFXmSGuRPYtzBOVEKQ==;13010;iKKTs3cEQnCAUtcRrybuRQ==;-
178556283;13001;GQzjRFXmSGuRPYtzBOVEKQ==;13011;8SYe8yITRZqfiH4PcovWyw==;-
178556283;13001;GQzjRFXmSGuRPYtzBOVEKQ==;13012;OWS4V46+TCC0duoUcvkUug==;-
178556372;13001;1vdgMqYqSZ2l5Ev4I/S4OA==;13008;mvzP5pIQSbe3EW7BmG6Zog==;-
178556372;13001;1vdgMqYqSZ2l5Ev4I/S4OA==;13009;ZClc84pZRoy+zyQG30yvAg==;-
178556219;13001;lmGqXPnXQVKp7morBKh9zQ==;13008;4/zfeqaTS6+Luu1XhO/ZNw==;-
178556219;13001;lmGqXPnXQVKp7morBKh9zQ==;13009;kuvDCCOrQ5Wwtztx8Rd7bQ==;-
178556219;13001;lmGqXPnXQVKp7morBKh9zQ==;13010;oBqjl4p0SS+FNBHu9FaGNg==;-
178556219;13001;lmGqXPnXQVKp7morBKh9zQ==;13011;PJz/LHOfSl6BclFhNDFqLg==;-
178556219;13001;lmGqXPnXQVKp7morBKh9zQ==;13012;bDG16ZlnReyuYbVfg6nLMA==;-
178556219;13001;lmGqXPnXQVKp7morBKh9zQ==;13013;H1i+VwiHT2qYIeXqaCgrMA==;-
178556219;13001;lmGqXPnXQVKp7morBKh9zQ==;13014;LKvQAIpXTai7Ws1b7WyL2g==;-
178556372;13001;xWYVYmCJTzuBdBDar1/IWA==;13008;mvzP5pIQSbe3EW7BmG6Zog==;-
178556372;13001;xWYVYmCJTzuBdBDar1/IWA==;13009;ZClc84pZRoy+zyQG30yvAg==;-
178556372;13001;xWYVYmCJTzuBdBDar1/IWA==;13010;YzXqSQSUSA6s+aos7U2bDg==;-
178556372;13001;xWYVYmCJTzuBdBDar1/IWA==;13011;V9vzWVsSS0W/j1sskxegGQ==;-
178556372;13001;xWYVYmCJTzuBdBDar1/IWA==;13012;vHmSyc2LR7umJowVBq73mA==;-
178556372;13001;xWYVYmCJTzuBdBDar1/IWA==;13013;Eh96dwKBS8q7DdqRLS9+Pw==;-
178556283;13001;Vr2VWDZhTNOk9onaTNDxKg==;13008;RGaVln7ZTNuw+uYDIqd7Dw==;-
178556283;13001;Vr2VWDZhTNOk9onaTNDxKg==;13009;xXym4sjnSHaRSiMLiSvFJQ==;-
178556283;13001;Vr2VWDZhTNOk9onaTNDxKg==;13010;iKKTs3cEQnCAUtcRrybuRQ==;-
178556283;13001;Vr2VWDZhTNOk9onaTNDxKg==;13011;8SYe8yITRZqfiH4PcovWyw==;-
178556372;13001;UXQsG4GLTduxALbz0QnIsA==;13014;77Q2Ap2NTEqNZKhq+lHauQ==;-
178556372;13001;UXQsG4GLTduxALbz0QnIsA==;13008;mvzP5pIQSbe3EW7BmG6Zog==;-
178556372;13001;UXQsG4GLTduxALbz0QnIsA==;13009;ZClc84pZRoy+zyQG30yvAg==;-
178556372;13001;UXQsG4GLTduxALbz0QnIsA==;13010;YzXqSQSUSA6s+aos7U2bDg==;-
178556372;13001;UXQsG4GLTduxALbz0QnIsA==;13011;V9vzWVsSS0W/j1sskxegGQ==;-
178556372;13001;UXQsG4GLTduxALbz0QnIsA==;13012;vHmSyc2LR7umJowVBq73mA==;-
178556372;13001;UXQsG4GLTduxALbz0QnIsA==;13013;Eh96dwKBS8q7DdqRLS9+Pw==;-
178556219;13001;KrmJgeuOS5mV1N7bGNgl9Q==;13008;4/zfeqaTS6+Luu1XhO/ZNw==;-
178556219;13001;KrmJgeuOS5mV1N7bGNgl9Q==;13009;kuvDCCOrQ5Wwtztx8Rd7bQ==;-
178556283;13001;IKdLJ8YCQB6wjxXYhcnyqw==;13008;RGaVln7ZTNuw+uYDIqd7Dw==;-
178556372;13001;9xHcxesISgWJ2BB0RpbYVg==;13008;mvzP5pIQSbe3EW7BmG6Zog==;-
178556372;13001;9xHcxesISgWJ2BB0RpbYVg==;13009;ZClc84pZRoy+zyQG30yvAg==;-
178556372;13001;9xHcxesISgWJ2BB0RpbYVg==;13010;YzXqSQSUSA6s+aos7U2bDg==;-
178556372;13001;9xHcxesISgWJ2BB0RpbYVg==;13011;V9vzWVsSS0W/j1sskxegGQ==;-
178556372;13001;9xHcxesISgWJ2BB0RpbYVg==;13012;vHmSyc2LR7umJowVBq73mA==;-
178556283;13001;EQwRJTHfTpyuMNfcNcCtCg==;13008;RGaVln7ZTNuw+uYDIqd7Dw==;-
178556283;13001;EQwRJTHfTpyuMNfcNcCtCg==;13009;xXym4sjnSHaRSiMLiSvFJQ==;-
178556283;13001;EQwRJTHfTpyuMNfcNcCtCg==;13010;iKKTs3cEQnCAUtcRrybuRQ==;-
178556372;13001;r1yyAQBSQsWKoKYC83T0UA==;13008;mvzP5pIQSbe3EW7BmG6Zog==;-
178556372;13001;r1yyAQBSQsWKoKYC83T0UA==;13009;ZClc84pZRoy+zyQG30yvAg==;-
178556372;13001;r1yyAQBSQsWKoKYC83T0UA==;13010;YzXqSQSUSA6s+aos7U2bDg==;-
178556219;13001;4/lqvMLhTESuzNkNFtHqig==;13008;4/zfeqaTS6+Luu1XhO/ZNw==;-
178556219;13001;4/lqvMLhTESuzNkNFtHqig==;13009;kuvDCCOrQ5Wwtztx8Rd7bQ==;-
178556219;13001;4/lqvMLhTESuzNkNFtHqig==;13010;oBqjl4p0SS+FNBHu9FaGNg==;-
178556219;13001;4/lqvMLhTESuzNkNFtHqig==;13011;PJz/LHOfSl6BclFhNDFqLg==;-
178556219;13001;4/lqvMLhTESuzNkNFtHqig==;13012;bDG16ZlnReyuYbVfg6nLMA==;-
178556372;13001;99sM0KURR2qZlNXkC5wcRA==;13008;mvzP5pIQSbe3EW7BmG6Zog==;-
178556372;13001;99sM0KURR2qZlNXkC5wcRA==;13009;ZClc84pZRoy+zyQG30yvAg==;-
178556372;13000;ujDBzpOBShGdzingJOU7JQ==;13008;mvzP5pIQSbe3EW7BmG6Zog==;-
178556372;13000;MXSc6spwR8iFiIkmIxw7Gg==;13013;EC8bVDbpREqJ4KBX+yE5YQ==;-
178556219;13000;TB1WSSv+R1O1FnWdjoZFeg==;13008;4/zfeqaTS6+Luu1XhO/ZNw==;-
178556283;13000;iV97niJ2QteyZoE5Icu1vQ==;13008;RGaVln7ZTNuw+uYDIqd7Dw==;-
178556283;13000;iV97niJ2QteyZoE5Icu1vQ==;13009;xXym4sjnSHaRSiMLiSvFJQ==;-
178556283;13000;iV97niJ2QteyZoE5Icu1vQ==;13010;iKKTs3cEQnCAUtcRrybuRQ==;-
178556283;13000;iV97niJ2QteyZoE5Icu1vQ==;13011;8SYe8yITRZqfiH4PcovWyw==;-
178556372;13000;sy5kEDfGR4S4/FUYZsAtyA==;13008;mvzP5pIQSbe3EW7BmG6Zog==;-
178556372;13000;sy5kEDfGR4S4/FUYZsAtyA==;13009;ZClc84pZRoy+zyQG30yvAg==;-
178556372;13000;sy5kEDfGR4S4/FUYZsAtyA==;13010;YzXqSQSUSA6s+aos7U2bDg==;-
178556372;13000;sy5kEDfGR4S4/FUYZsAtyA==;13011;V9vzWVsSS0W/j1sskxegGQ==;-
178556219;13000;vPaxQ65sT22peGUBSJuu9g==;13008;4/zfeqaTS6+Luu1XhO/ZNw==;-
178556219;13000;vPaxQ65sT22peGUBSJuu9g==;13009;kuvDCCOrQ5Wwtztx8Rd7bQ==;-
178556219;13000;vPaxQ65sT22peGUBSJuu9g==;13010;oBqjl4p0SS+FNBHu9FaGNg==;-
178556283;13000;XWvgSDD4QkKvbxq4Mv8Tsg==;13008;RGaVln7ZTNuw+uYDIqd7Dw==;-
178556283;13000;XWvgSDD4QkKvbxq4Mv8Tsg==;13009;xXym4sjnSHaRSiMLiSvFJQ==;-
178556283;13000;XWvgSDD4QkKvbxq4Mv8Tsg==;13010;iKKTs3cEQnCAUtcRrybuRQ==;-
178556219;13000;H/bfPCIiR7asXDPYcFtg8g==;13008;4/zfeqaTS6+Luu1XhO/ZNw==;-
178556219;13000;H/bfPCIiR7asXDPYcFtg8g==;13009;kuvDCCOrQ5Wwtztx8Rd7bQ==;-
178556219;13000;H/bfPCIiR7asXDPYcFtg8g==;13010;oBqjl4p0SS+FNBHu9FaGNg==;-
178556219;13000;H/bfPCIiR7asXDPYcFtg8g==;13011;PJz/LHOfSl6BclFhNDFqLg==;-
178556283;13000;xy6vvD/mR5a6aKYy6FYKHA==;13012;OWS4V46+TCC0duoUcvkUug==;-
178556283;13000;xy6vvD/mR5a6aKYy6FYKHA==;13008;RGaVln7ZTNuw+uYDIqd7Dw==;-
178556283;13000;xy6vvD/mR5a6aKYy6FYKHA==;13009;xXym4sjnSHaRSiMLiSvFJQ==;-
178556283;13000;xy6vvD/mR5a6aKYy6FYKHA==;13010;iKKTs3cEQnCAUtcRrybuRQ==;-
178556283;13000;xy6vvD/mR5a6aKYy6FYKHA==;13011;8SYe8yITRZqfiH4PcovWyw==;-
178556372;13000;uN/6MEGKR66xBnpC6R9ygQ==;13008;mvzP5pIQSbe3EW7BmG6Zog==;-
178556372;13000;uN/6MEGKR66xBnpC6R9ygQ==;13009;ZClc84pZRoy+zyQG30yvAg==;-
178556372;13000;uN/6MEGKR66xBnpC6R9ygQ==;13010;YzXqSQSUSA6s+aos7U2bDg==;-
178556372;13000;dtqJlK2KRumvirAZvEanVA==;13008;mvzP5pIQSbe3EW7BmG6Zog==;-
178556372;13000;dtqJlK2KRumvirAZvEanVA==;13009;ZClc84pZRoy+zyQG30yvAg==;-
178556372;13000;dtqJlK2KRumvirAZvEanVA==;13010;YzXqSQSUSA6s+aos7U2bDg==;-
178556372;13000;dtqJlK2KRumvirAZvEanVA==;13011;V9vzWVsSS0W/j1sskxegGQ==;-
178556372;13000;dtqJlK2KRumvirAZvEanVA==;13012;vHmSyc2LR7umJowVBq73mA==;-
178556283;13000;R3l52YbCQ0Gr2e8rwPl0vw==;13008;RGaVln7ZTNuw+uYDIqd7Dw==;-
178556283;13000;R3l52YbCQ0Gr2e8rwPl0vw==;13009;xXym4sjnSHaRSiMLiSvFJQ==;-
178556219;13000;iTXmQYYSTe+ewD509j3cqg==;13008;4/zfeqaTS6+Luu1XhO/ZNw==;-
178556219;13000;iTXmQYYSTe+ewD509j3cqg==;13009;kuvDCCOrQ5Wwtztx8Rd7bQ==;-
178556219;13000;iTXmQYYSTe+ewD509j3cqg==;13010;oBqjl4p0SS+FNBHu9FaGNg==;-
178556219;13000;iTXmQYYSTe+ewD509j3cqg==;13011;PJz/LHOfSl6BclFhNDFqLg==;-
178556219;13000;iTXmQYYSTe+ewD509j3cqg==;13012;bDG16ZlnReyuYbVfg6nLMA==;-
178556283;13000;NITQ/McOQfCq4ToX+zWjeg==;13008;RGaVln7ZTNuw+uYDIqd7Dw==;-
178556219;13000;BTK7WvYGS5eXdGPGsQtR1g==;13008;4/zfeqaTS6+Luu1XhO/ZNw==;-
178556219;13000;BTK7WvYGS5eXdGPGsQtR1g==;13009;kuvDCCOrQ5Wwtztx8Rd7bQ==;-
178556372;13000;MXSc6spwR8iFiIkmIxw7Gg==;13008;mvzP5pIQSbe3EW7BmG6Zog==;-
178556372;13000;MXSc6spwR8iFiIkmIxw7Gg==;13009;ZClc84pZRoy+zyQG30yvAg==;-
178556372;13000;MXSc6spwR8iFiIkmIxw7Gg==;13010;YzXqSQSUSA6s+aos7U2bDg==;-
178556372;13000;MXSc6spwR8iFiIkmIxw7Gg==;13011;V9vzWVsSS0W/j1sskxegGQ==;-
178556372;13000;MXSc6spwR8iFiIkmIxw7Gg==;13012;vHmSyc2LR7umJowVBq73mA==;-
178556372;13000;ujDBzpOBShGdzingJOU7JQ==;13009;ZClc84pZRoy+zyQG30yvAg==;-
178556372;12999;NtdhL2GPR02mOQ4xT7IBkg==;13008;mvzP5pIQSbe3EW7BmG6Zog==;-
178556372;12999;NtdhL2GPR02mOQ4xT7IBkg==;13009;ZClc84pZRoy+zyQG30yvAg==;-
178556372;12999;NtdhL2GPR02mOQ4xT7IBkg==;13010;YzXqSQSUSA6s+aos7U2bDg==;-
178556372;12999;NtdhL2GPR02mOQ4xT7IBkg==;13011;V9vzWVsSS0W/j1sskxegGQ==;-
178556219;12999;Lxp5/IRPS8utphvI9mbOeQ==;13008;4/zfeqaTS6+Luu1XhO/ZNw==;-
178556219;12999;Lxp5/IRPS8utphvI9mbOeQ==;13009;kuvDCCOrQ5Wwtztx8Rd7bQ==;-
178556372;12999;viraskw7QqKq+SDtGzAuoA==;13008;mvzP5pIQSbe3EW7BmG6Zog==;-
178556372;12999;viraskw7QqKq+SDtGzAuoA==;13009;ZClc84pZRoy+zyQG30yvAg==;-
178556372;12999;viraskw7QqKq+SDtGzAuoA==;13010;YzXqSQSUSA6s+aos7U2bDg==;-
178556372;12999;viraskw7QqKq+SDtGzAuoA==;13011;V9vzWVsSS0W/j1sskxegGQ==;-
178556372;12999;viraskw7QqKq+SDtGzAuoA==;13012;8IB+y9aGQo6VWqFaktCZjA==;-
178556219;12999;a35y152wQZu8SDYq80PDeQ==;13008;4/zfeqaTS6+Luu1XhO/ZNw==;-
178556219;12999;a35y152wQZu8SDYq80PDeQ==;13009;kuvDCCOrQ5Wwtztx8Rd7bQ==;-
178556219;12999;a35y152wQZu8SDYq80PDeQ==;13010;oBqjl4p0SS+FNBHu9FaGNg==;-
178556372;12999;X/ScCps+S46l6NVZ6YxBNA==;13008;mvzP5pIQSbe3EW7BmG6Zog==;-
178556372;12999;X/ScCps+S46l6NVZ6YxBNA==;13009;ZClc84pZRoy+zyQG30yvAg==;-
178556283;12999;l0smVbVXTl2zsV0Un7b/fA==;13008;RGaVln7ZTNuw+uYDIqd7Dw==;-
178556283;12999;l0smVbVXTl2zsV0Un7b/fA==;13009;xXym4sjnSHaRSiMLiSvFJQ==;-
178556219;12999;QAxWUU9dS2qRR/jeYTcvIA==;13008;4/zfeqaTS6+Luu1XhO/ZNw==;-
178556219;12999;QAxWUU9dS2qRR/jeYTcvIA==;13009;kuvDCCOrQ5Wwtztx8Rd7bQ==;-
178556219;12999;QAxWUU9dS2qRR/jeYTcvIA==;13010;oBqjl4p0SS+FNBHu9FaGNg==;-
178556219;12999;QAxWUU9dS2qRR/jeYTcvIA==;13011;PJz/LHOfSl6BclFhNDFqLg==;-
178556219;12999;QAxWUU9dS2qRR/jeYTcvIA==;13012;bDG16ZlnReyuYbVfg6nLMA==;-
178556283;12999;PJhCRoAYR/2Kwq+0H6JhuQ==;13008;RGaVln7ZTNuw+uYDIqd7Dw==;-
178556283;12999;PJhCRoAYR/2Kwq+0H6JhuQ==;13009;xXym4sjnSHaRSiMLiSvFJQ==;-
178556283;12999;PJhCRoAYR/2Kwq+0H6JhuQ==;13010;iKKTs3cEQnCAUtcRrybuRQ==;-
178556283;12999;PJhCRoAYR/2Kwq+0H6JhuQ==;13011;8SYe8yITRZqfiH4PcovWyw==;-
178556283;12999;PJhCRoAYR/2Kwq+0H6JhuQ==;13012;OWS4V46+TCC0duoUcvkUug==;-
178556283;12999;ZUANIF8KTpaZHYeybXJy9Q==;13008;RGaVln7ZTNuw+uYDIqd7Dw==;-
178556283;12999;ZUANIF8KTpaZHYeybXJy9Q==;13009;xXym4sjnSHaRSiMLiSvFJQ==;-
178556283;12999;ZUANIF8KTpaZHYeybXJy9Q==;13010;iKKTs3cEQnCAUtcRrybuRQ==;-
178556283;12999;ZUANIF8KTpaZHYeybXJy9Q==;13011;8SYe8yITRZqfiH4PcovWyw==;-
178556219;12999;f3hsPYfbQA22oLHI6/D2Dw==;13008;4/zfeqaTS6+Luu1XhO/ZNw==;-
178556283;12999;hVbThfGmQLaisdb6BL4zxA==;13008;RGaVln7ZTNuw+uYDIqd7Dw==;-
178556283;12999;hVbThfGmQLaisdb6BL4zxA==;13009;xXym4sjnSHaRSiMLiSvFJQ==;-
178556283;12999;hVbThfGmQLaisdb6BL4zxA==;13010;iKKTs3cEQnCAUtcRrybuRQ==;-
178556372;12999;V4EtrISxSM2ISAiXQGCMuw==;13008;mvzP5pIQSbe3EW7BmG6Zog==;-
178556283;12998;SHzXuCxEQOeNLpy6S53FCw==;13008;RGaVln7ZTNuw+uYDIqd7Dw==;-
178556283;12998;iuoX4E9LTsuLqkCthOXm2g==;13010;iKKTs3cEQnCAUtcRrybuRQ==;-
178556283;12998;iuoX4E9LTsuLqkCthOXm2g==;13009;xXym4sjnSHaRSiMLiSvFJQ==;-
178556283;12998;iuoX4E9LTsuLqkCthOXm2g==;13008;RGaVln7ZTNuw+uYDIqd7Dw==;-
178556372;12998;iUCy6uAWRX+idCcdiEpr8w==;13010;YzXqSQSUSA6s+aos7U2bDg==;-
178556372;12998;iUCy6uAWRX+idCcdiEpr8w==;13009;ZClc84pZRoy+zyQG30yvAg==;-
178556372;12998;iUCy6uAWRX+idCcdiEpr8w==;13008;mvzP5pIQSbe3EW7BmG6Zog==;-
178556283;12998;vnawkrOIQNyuk+JGWeAZaQ==;13009;xXym4sjnSHaRSiMLiSvFJQ==;-
178556283;12998;vnawkrOIQNyuk+JGWeAZaQ==;13008;RGaVln7ZTNuw+uYDIqd7Dw==;-
178556372;12998;yICIxrzURcWs4qbAeFpxIg==;13011;ZimSIV88TJK45VKwZNxvpA==;-
178556372;12998;yICIxrzURcWs4qbAeFpxIg==;13010;YzXqSQSUSA6s+aos7U2bDg==;-
178556372;12998;yICIxrzURcWs4qbAeFpxIg==;13009;ZClc84pZRoy+zyQG30yvAg==;-
178556372;12998;yICIxrzURcWs4qbAeFpxIg==;13008;mvzP5pIQSbe3EW7BmG6Zog==;-
178556219;12998;bax17hy/RuS1/Aqs+0uueQ==;13009;kuvDCCOrQ5Wwtztx8Rd7bQ==;-
178556219;12998;bax17hy/RuS1/Aqs+0uueQ==;13008;4/zfeqaTS6+Luu1XhO/ZNw==;-
178556219;12998;rlJyGa/iQz6YZAIEHFOBRA==;13008;4/zfeqaTS6+Luu1XhO/ZNw==;-
178556283;12998;p59oOBoFTNeDB90I8ZNJ1g==;13008;RGaVln7ZTNuw+uYDIqd7Dw==;-
178556219;12998;EXc4NGoAT9+OKiGvkl2bRw==;13011;PJz/LHOfSl6BclFhNDFqLg==;-
178556219;12998;EXc4NGoAT9+OKiGvkl2bRw==;13010;oBqjl4p0SS+FNBHu9FaGNg==;-
178556283;12998;iuoX4E9LTsuLqkCthOXm2g==;13011;8SYe8yITRZqfiH4PcovWyw==;-
178556283;12998;SHzXuCxEQOeNLpy6S53FCw==;13009;xXym4sjnSHaRSiMLiSvFJQ==;-
178556283;12998;SHzXuCxEQOeNLpy6S53FCw==;13010;iKKTs3cEQnCAUtcRrybuRQ==;-
178556372;12998;VOaP3ag0S2+f2RAWiHuUHw==;13008;mvzP5pIQSbe3EW7BmG6Zog==;-
178556372;12998;VOaP3ag0S2+f2RAWiHuUHw==;13009;ZClc84pZRoy+zyQG30yvAg==;-
178556219;12998;jF+kh0ZeQNy0W2+Cj6djgw==;13010;oBqjl4p0SS+FNBHu9FaGNg==;-
178556219;12998;jF+kh0ZeQNy0W2+Cj6djgw==;13008;4/zfeqaTS6+Luu1XhO/ZNw==;-
178556219;12998;jF+kh0ZeQNy0W2+Cj6djgw==;13009;kuvDCCOrQ5Wwtztx8Rd7bQ==;-
178556219;12998;EXc4NGoAT9+OKiGvkl2bRw==;13008;4/zfeqaTS6+Luu1XhO/ZNw==;-
178556219;12998;EXc4NGoAT9+OKiGvkl2bRw==;13009;kuvDCCOrQ5Wwtztx8Rd7bQ==;-
178556372;12997;nZ2c9YO0RX2ZYJmMzGTpBQ==;13009;ZClc84pZRoy+zyQG30yvAg==;-
178556219;12997;mmNp10kwT/2Zg9LQbmPLVg==;13008;4/zfeqaTS6+Luu1XhO/ZNw==;-
178556283;12997;ZGjSIjhvS/mLfzWvSGamOA==;13008;RGaVln7ZTNuw+uYDIqd7Dw==;-
178556372;12997;nZ2c9YO0RX2ZYJmMzGTpBQ==;13010;vrnMwf07SXGRkZ1lmGp1Bw==;-
178556372;12997;nZ2c9YO0RX2ZYJmMzGTpBQ==;13008;mvzP5pIQSbe3EW7BmG6Zog==;-
178556283;12997;z3jQ/ex5RTK13b/G8knVug==;13009;xXym4sjnSHaRSiMLiSvFJQ==;-
178556372;12997;WYtUCb2LQjGBKY5ap1OfCQ==;13008;mvzP5pIQSbe3EW7BmG6Zog==;-
178556283;12997;GUQ7iTLkTESco+l5JDxjcA==;13008;RGaVln7ZTNuw+uYDIqd7Dw==;-
178556219;12997;QVxEhfbJSzKPDxsEvh3r9Q==;13009;kuvDCCOrQ5Wwtztx8Rd7bQ==;-
178556283;12997;GUQ7iTLkTESco+l5JDxjcA==;13010;iKKTs3cEQnCAUtcRrybuRQ==;-
178556283;12997;GUQ7iTLkTESco+l5JDxjcA==;13009;xXym4sjnSHaRSiMLiSvFJQ==;-
178556219;12997;QVxEhfbJSzKPDxsEvh3r9Q==;13008;4/zfeqaTS6+Luu1XhO/ZNw==;-
178556372;12997;WYtUCb2LQjGBKY5ap1OfCQ==;13009;ZClc84pZRoy+zyQG30yvAg==;-
178556283;12997;z3jQ/ex5RTK13b/G8knVug==;13008;RGaVln7ZTNuw+uYDIqd7Dw==;-
178556219;12996;knUTGaSjQgePPmUCHSTYzg==;13008;4/zfeqaTS6+Luu1XhO/ZNw==;-
178556283;12996;jMN3AkbhRVWgexK9tpHF8g==;13008;RGaVln7ZTNuw+uYDIqd7Dw==;-
178556372;12996;+XtQjX7QRJmqIqaM9ANdog==;13008;mvzP5pIQSbe3EW7BmG6Zog==;-
178556372;12996;ypp11KosRmCi/QhvX2aeKA==;13008;mvzP5pIQSbe3EW7BmG6Zog==;-
178556372;12996;+XtQjX7QRJmqIqaM9ANdog==;13009;ZtqeD0q8RoGIpby8FeZYng==;-
175677283;12884;Ep8ch1AvTDyj9HdMsfjHog==;12884;b9JxqheCRlyqoGLO0N5Myw==;-
169778512;12759;pdtQJSUkRXWD/sxfXcSHsg==;12765;EzScr0vwTjS67jOes/h2zg==;-
169778512;12759;kIvlze94R9mSSyYRANiIKQ==;12767;MggWKNJ8RymUK3IjLm8Ubg==;-
169778512;12759;pdtQJSUkRXWD/sxfXcSHsg==;12767;MggWKNJ8RymUK3IjLm8Ubg==;-
169778512;12759;pdtQJSUkRXWD/sxfXcSHsg==;12768;0EeMrnVuTr2DRmW7lTvriw==;-
169778512;12759;pdtQJSUkRXWD/sxfXcSHsg==;12769;mceUPNdYSXiaLaOLWGUdgg==;-
169778512;12759;pdtQJSUkRXWD/sxfXcSHsg==;12770;jBUFLCISQ/SFPXF/uPCX/w==;-
169778512;12759;pdtQJSUkRXWD/sxfXcSHsg==;12766;WKXXpUsiSJKnjWP83Dn2SA==;-
169778512;12759;kIvlze94R9mSSyYRANiIKQ==;12766;WKXXpUsiSJKnjWP83Dn2SA==;-
169778512;12759;kIvlze94R9mSSyYRANiIKQ==;12765;EzScr0vwTjS67jOes/h2zg==;-
169778512;12759;dP+GRKIuQz+NsPtNWjsi1A==;12768;0EeMrnVuTr2DRmW7lTvriw==;-
169778512;12759;dP+GRKIuQz+NsPtNWjsi1A==;12767;MggWKNJ8RymUK3IjLm8Ubg==;-
169778512;12759;dP+GRKIuQz+NsPtNWjsi1A==;12766;WKXXpUsiSJKnjWP83Dn2SA==;-
169778512;12759;dP+GRKIuQz+NsPtNWjsi1A==;12765;EzScr0vwTjS67jOes/h2zg==;-
169778512;12759;Zc4oZeHgSiWg5KrD3JEWZQ==;12765;EzScr0vwTjS67jOes/h2zg==;-
169778512;12759;+WyM77TVTZujbSenG2KFGA==;12766;WKXXpUsiSJKnjWP83Dn2SA==;-
169778512;12759;+WyM77TVTZujbSenG2KFGA==;12765;EzScr0vwTjS67jOes/h2zg==;-
169778512;12759;hVtTT22YT8CEoe0LWUbXgg==;12769;mceUPNdYSXiaLaOLWGUdgg==;-
169778512;12759;hVtTT22YT8CEoe0LWUbXgg==;12768;0EeMrnVuTr2DRmW7lTvriw==;-
169778512;12759;hVtTT22YT8CEoe0LWUbXgg==;12767;MggWKNJ8RymUK3IjLm8Ubg==;-
169778512;12759;hVtTT22YT8CEoe0LWUbXgg==;12766;WKXXpUsiSJKnjWP83Dn2SA==;-
169778512;12759;hVtTT22YT8CEoe0LWUbXgg==;12765;EzScr0vwTjS67jOes/h2zg==;-
169778512;12758;tLQiYpAkTbK2aTdI2QZVhQ==;12767;MggWKNJ8RymUK3IjLm8Ubg==;-
169778512;12758;TUW8N0EsR6OZBRHYYr4YEg==;12765;EzScr0vwTjS67jOes/h2zg==;-
169778512;12758;tLQiYpAkTbK2aTdI2QZVhQ==;12765;EzScr0vwTjS67jOes/h2zg==;-
169778512;12758;awfMpDRgTe2yqcUShcCHoA==;12768;0EeMrnVuTr2DRmW7lTvriw==;-
169778512;12758;awfMpDRgTe2yqcUShcCHoA==;12767;MggWKNJ8RymUK3IjLm8Ubg==;-
169778512;12758;k5EisWkuQJWQhOvPt1ry8w==;12766;WKXXpUsiSJKnjWP83Dn2SA==;-
169778512;12758;k5EisWkuQJWQhOvPt1ry8w==;12765;EzScr0vwTjS67jOes/h2zg==;-
169778512;12758;awfMpDRgTe2yqcUShcCHoA==;12766;WKXXpUsiSJKnjWP83Dn2SA==;-
169778512;12758;awfMpDRgTe2yqcUShcCHoA==;12765;EzScr0vwTjS67jOes/h2zg==;-
169778512;12758;xp2+gr7MQRyZHHSKlbQmIQ==;12765;EzScr0vwTjS67jOes/h2zg==;-
169778512;12758;awfMpDRgTe2yqcUShcCHoA==;12769;mceUPNdYSXiaLaOLWGUdgg==;-
169778512;12758;tLQiYpAkTbK2aTdI2QZVhQ==;12768;0EeMrnVuTr2DRmW7lTvriw==;-
169778512;12758;TUW8N0EsR6OZBRHYYr4YEg==;12767;MggWKNJ8RymUK3IjLm8Ubg==;-
169778512;12758;TUW8N0EsR6OZBRHYYr4YEg==;12766;WKXXpUsiSJKnjWP83Dn2SA==;-
169778512;12758;tLQiYpAkTbK2aTdI2QZVhQ==;12766;WKXXpUsiSJKnjWP83Dn2SA==;-
169778512;12757;L1sL/r+oQPmr9ZFtHWL8nA==;12766;WKXXpUsiSJKnjWP83Dn2SA==;-
169778512;12757;7xIa65jeQH6wX4EF2l7YqA==;12765;EzScr0vwTjS67jOes/h2zg==;-
169778512;12757;7xIa65jeQH6wX4EF2l7YqA==;12766;WKXXpUsiSJKnjWP83Dn2SA==;-
169778512;12757;7xIa65jeQH6wX4EF2l7YqA==;12767;MggWKNJ8RymUK3IjLm8Ubg==;-
169778512;12757;7xIa65jeQH6wX4EF2l7YqA==;12768;0EeMrnVuTr2DRmW7lTvriw==;-
169778512;12757;wTGuz04gTKCSofhf7us+Dg==;12765;EzScr0vwTjS67jOes/h2zg==;-
169778512;12757;MpkekapKSg6iuUqRrT22Fw==;12765;EzScr0vwTjS67jOes/h2zg==;-
169778512;12757;MpkekapKSg6iuUqRrT22Fw==;12766;WKXXpUsiSJKnjWP83Dn2SA==;-
169778512;12757;MpkekapKSg6iuUqRrT22Fw==;12767;MggWKNJ8RymUK3IjLm8Ubg==;-
169778512;12757;Xq2H6FfJQ8Gl2WhfIxXdmg==;12765;EzScr0vwTjS67jOes/h2zg==;-
169778512;12757;Xq2H6FfJQ8Gl2WhfIxXdmg==;12766;WKXXpUsiSJKnjWP83Dn2SA==;-
169778512;12757;Xq2H6FfJQ8Gl2WhfIxXdmg==;12767;MggWKNJ8RymUK3IjLm8Ubg==;-
169778512;12757;Xq2H6FfJQ8Gl2WhfIxXdmg==;12768;0EeMrnVuTr2DRmW7lTvriw==;-
169778512;12757;Xq2H6FfJQ8Gl2WhfIxXdmg==;12769;mceUPNdYSXiaLaOLWGUdgg==;-
169778512;12757;L1sL/r+oQPmr9ZFtHWL8nA==;12765;EzScr0vwTjS67jOes/h2zg==;-
169778512;12756;z+lTBGXvRhu1le4isHswmw==;12765;EzScr0vwTjS67jOes/h2zg==;-
169778512;12756;z+lTBGXvRhu1le4isHswmw==;12766;WKXXpUsiSJKnjWP83Dn2SA==;-
169778512;12756;hHI2Z9iCSL+CUWU2Mwllbw==;12766;WKXXpUsiSJKnjWP83Dn2SA==;-
169778512;12756;hHI2Z9iCSL+CUWU2Mwllbw==;12765;EzScr0vwTjS67jOes/h2zg==;-
169778512;12756;2mbJLSiyQve6gfA3DUkVCg==;12765;EzScr0vwTjS67jOes/h2zg==;-
169778512;12756;cb60xzBpSmmxzaAFeHTnxg==;12767;MggWKNJ8RymUK3IjLm8Ubg==;-
169778512;12756;cb60xzBpSmmxzaAFeHTnxg==;12766;WKXXpUsiSJKnjWP83Dn2SA==;-
169778512;12756;cb60xzBpSmmxzaAFeHTnxg==;12765;EzScr0vwTjS67jOes/h2zg==;-
169778512;12756;z+lTBGXvRhu1le4isHswmw==;12768;0EeMrnVuTr2DRmW7lTvriw==;-
169778512;12756;z+lTBGXvRhu1le4isHswmw==;12767;MggWKNJ8RymUK3IjLm8Ubg==;-
169778512;12755;JhgXi8GtTKGdxrmqAZ9gjw==;12767;MggWKNJ8RymUK3IjLm8Ubg==;-
169778512;12755;JhgXi8GtTKGdxrmqAZ9gjw==;12766;WKXXpUsiSJKnjWP83Dn2SA==;-
169778512;12755;JhgXi8GtTKGdxrmqAZ9gjw==;12765;EzScr0vwTjS67jOes/h2zg==;-
169778512;12755;kfTeu4l0TwqdHEwh4Q67uA==;12765;EzScr0vwTjS67jOes/h2zg==;-
169778512;12755;kfTeu4l0TwqdHEwh4Q67uA==;12766;WKXXpUsiSJKnjWP83Dn2SA==;-
169778512;12754;pGcdk3w3RuKqudrkcp5iog==;12766;WKXXpUsiSJKnjWP83Dn2SA==;-
169778512;12754;pGcdk3w3RuKqudrkcp5iog==;12765;EzScr0vwTjS67jOes/h2zg==;-
170052292;12747;h+d9v4VASXqzegwQ7PZKDw==;12748;RdUk1ryoQZmFOERW+vC2kw==;-
165788948;12630;lFPtkORzSxm1Q3KojX6Ucg==;12637;/WR0NJGcSMeQbKAbGVbBcg==;-
165788948;12630;NHzbJBuQQNmnuZsBia4siw==;12641;9spfOUGOQJ+06zx9CWkZIQ==;-
165788948;12630;8YpXXyVdSfi1ywo6u+OGmQ==;12640;KtGymL0lQUKZN9OBoAyHUQ==;-
165788948;12630;8YpXXyVdSfi1ywo6u+OGmQ==;12639;M/WO+pGlT0aINjNRWphDwA==;-
165788948;12630;8YpXXyVdSfi1ywo6u+OGmQ==;12638;bDiqDjhvRzKIld1/u+Ar7g==;-
165788948;12630;aAcuiaNWSR+BDVPDdLkyww==;12638;L+V6A748TlaOIX9AStez5Q==;-
165788948;12630;aAcuiaNWSR+BDVPDdLkyww==;12637;/WR0NJGcSMeQbKAbGVbBcg==;-
165788948;12630;ZZ6ddzKUSuatjaa3GL0TRg==;12641;5xS3OR4pRRikKUTsyKpXiQ==;-
165788948;12630;ZZ6ddzKUSuatjaa3GL0TRg==;12640;CbwmXCdVShqJcNdnZD/ypw==;-
165788948;12630;ZZ6ddzKUSuatjaa3GL0TRg==;12639;dbfS0jrNTy2DekfLe4B4rQ==;-
165788948;12630;ZZ6ddzKUSuatjaa3GL0TRg==;12638;L+V6A748TlaOIX9AStez5Q==;-
165788948;12630;ZZ6ddzKUSuatjaa3GL0TRg==;12637;/WR0NJGcSMeQbKAbGVbBcg==;-
165788948;12630;Re9UXXMYQSuWHdKTKmAlnQ==;12638;bDiqDjhvRzKIld1/u+Ar7g==;-
165788948;12630;mqWUgd4FSDCDqStydpZ4AQ==;12637;/WR0NJGcSMeQbKAbGVbBcg==;-
165788948;12630;mqWUgd4FSDCDqStydpZ4AQ==;12640;CbwmXCdVShqJcNdnZD/ypw==;-
165788948;12630;mqWUgd4FSDCDqStydpZ4AQ==;12639;dbfS0jrNTy2DekfLe4B4rQ==;-
165788948;12630;P1qmUqUEQsCzjRKtuiea6A==;12639;M/WO+pGlT0aINjNRWphDwA==;-
165788948;12630;mqWUgd4FSDCDqStydpZ4AQ==;12638;L+V6A748TlaOIX9AStez5Q==;-
165788948;12630;8YpXXyVdSfi1ywo6u+OGmQ==;12637;75x+G2+qR+CC7w87cSrcGg==;-
165788948;12630;P1qmUqUEQsCzjRKtuiea6A==;12638;bDiqDjhvRzKIld1/u+Ar7g==;-
165788948;12630;P1qmUqUEQsCzjRKtuiea6A==;12637;75x+G2+qR+CC7w87cSrcGg==;-
165788948;12630;NHzbJBuQQNmnuZsBia4siw==;12637;75x+G2+qR+CC7w87cSrcGg==;-
165788948;12630;NHzbJBuQQNmnuZsBia4siw==;12638;bDiqDjhvRzKIld1/u+Ar7g==;-
165788948;12630;NHzbJBuQQNmnuZsBia4siw==;12639;M/WO+pGlT0aINjNRWphDwA==;-
165788948;12630;NHzbJBuQQNmnuZsBia4siw==;12640;KtGymL0lQUKZN9OBoAyHUQ==;-
165788948;12630;Re9UXXMYQSuWHdKTKmAlnQ==;12637;75x+G2+qR+CC7w87cSrcGg==;-
165788948;12629;xxkSSd19SBabP9wBIe0Zuw==;12640;KtGymL0lQUKZN9OBoAyHUQ==;-
165788948;12629;xxkSSd19SBabP9wBIe0Zuw==;12639;M/WO+pGlT0aINjNRWphDwA==;-
165788948;12629;xxkSSd19SBabP9wBIe0Zuw==;12638;bDiqDjhvRzKIld1/u+Ar7g==;-
165788948;12629;xxkSSd19SBabP9wBIe0Zuw==;12637;75x+G2+qR+CC7w87cSrcGg==;-
165788948;12629;AsJSIOK+Sf+fay7lWcRiew==;12638;bDiqDjhvRzKIld1/u+Ar7g==;-
165788948;12629;AsJSIOK+Sf+fay7lWcRiew==;12637;75x+G2+qR+CC7w87cSrcGg==;-
165788948;12629;hZnoQy1yTiWu6XeOmXRJyw==;12639;M/WO+pGlT0aINjNRWphDwA==;-
165788948;12629;hZnoQy1yTiWu6XeOmXRJyw==;12638;bDiqDjhvRzKIld1/u+Ar7g==;-
165788948;12629;hZnoQy1yTiWu6XeOmXRJyw==;12637;75x+G2+qR+CC7w87cSrcGg==;-
165788948;12629;umqMMquIRBG7Aau9N0gtKg==;12639;dbfS0jrNTy2DekfLe4B4rQ==;-
165788948;12629;umqMMquIRBG7Aau9N0gtKg==;12638;L+V6A748TlaOIX9AStez5Q==;-
165788948;12629;umqMMquIRBG7Aau9N0gtKg==;12637;/WR0NJGcSMeQbKAbGVbBcg==;-
165788948;12629;E9CHCq3NTXmqPtQRWIjGRA==;12637;/WR0NJGcSMeQbKAbGVbBcg==;-
165788948;12629;E9CHCq3NTXmqPtQRWIjGRA==;12638;L+V6A748TlaOIX9AStez5Q==;-
165788948;12629;Zc4LqE4fQiSFpXhaB5bt3A==;12637;/WR0NJGcSMeQbKAbGVbBcg==;-
165788948;12629;x9f/82wnR2yyZR/iHCh3Dg==;12637;75x+G2+qR+CC7w87cSrcGg==;-
165788948;12628;vP9z9568RHSLOdJPPLHCbQ==;12638;bDiqDjhvRzKIld1/u+Ar7g==;-
165788948;12628;atw17mHQQ2Kz09PrYtHjYg==;12637;/WR0NJGcSMeQbKAbGVbBcg==;-
165788948;12628;vP9z9568RHSLOdJPPLHCbQ==;12637;75x+G2+qR+CC7w87cSrcGg==;-
165788948;12628;YNGqDsg2S0+8Jx4Zkm8lyA==;12639;dbfS0jrNTy2DekfLe4B4rQ==;-
165788948;12628;YNGqDsg2S0+8Jx4Zkm8lyA==;12638;L+V6A748TlaOIX9AStez5Q==;-
165788948;12628;YNGqDsg2S0+8Jx4Zkm8lyA==;12637;/WR0NJGcSMeQbKAbGVbBcg==;-
165788948;12628;bMIWNoDSRDeZu8w9Bor6rw==;12637;75x+G2+qR+CC7w87cSrcGg==;-
165788948;12628;bMIWNoDSRDeZu8w9Bor6rw==;12639;M/WO+pGlT0aINjNRWphDwA==;-
165788948;12628;bMIWNoDSRDeZu8w9Bor6rw==;12638;bDiqDjhvRzKIld1/u+Ar7g==;-
165788948;12627;gUgcSneMQFWNqA6cwzfHQQ==;12637;75x+G2+qR+CC7w87cSrcGg==;-
165788948;12627;vhlU8jo0TNa6T43mpFDn4Q==;12637;/WR0NJGcSMeQbKAbGVbBcg==;-
166580921;12618;2T8J6b1ER+uI6R3FJY0rgg==;12618;5xZq7KdNS8K+kInDE3jWbQ==;-
166581045;12618;NHs5CMYCQcOFf9mpN8Ti9A==;12618;+zIzjz8/Tge7SzWYFNHbJA==;-
166987609;12605;/bvQvzZZTC+VOhbmL3bC0w==;12607;KyAfHTgkRjmW5ze5KCerVw==;-
166987609;12605;a0sCH9EuTyOf/iavxkGDQw==;12607;KyAfHTgkRjmW5ze5KCerVw==;-
161050694;12570;l/uamAmPTKSjPVuVOAN7Lw==;12576;Xelrv0n4Q9eFfdXcEYYX0w==;-
161050694;12570;JlpHcDdASO+mZZY8MvjgiA==;12577;Df9IfaQCSr+TNo1uosa+jg==;-
161050694;12570;JlpHcDdASO+mZZY8MvjgiA==;12576;Xelrv0n4Q9eFfdXcEYYX0w==;-
161050694;12570;v08HnXx3RVG70gqrDn4ebw==;12579;pr9fKeC8Sbevpdw/SX4dXg==;-
161050694;12570;v08HnXx3RVG70gqrDn4ebw==;12578;BR8cvJdvR/+Fr+uLTTg3pA==;-
161050694;12570;v08HnXx3RVG70gqrDn4ebw==;12577;Df9IfaQCSr+TNo1uosa+jg==;-
161050694;12570;v08HnXx3RVG70gqrDn4ebw==;12576;Xelrv0n4Q9eFfdXcEYYX0w==;-
161050694;12570;Ue0YlDelQHOGdxPOLwKFcg==;12582;kTGIoLZeRkC72bV28NZzzg==;-
161050694;12570;Ue0YlDelQHOGdxPOLwKFcg==;12581;E8DN2vZyRk6OhiXWu4WrxQ==;-
161050694;12570;Ue0YlDelQHOGdxPOLwKFcg==;12580;JNDFg6XgTBmdbCsGMchU5g==;-
161050694;12570;Ue0YlDelQHOGdxPOLwKFcg==;12579;pr9fKeC8Sbevpdw/SX4dXg==;-
161050694;12570;Ue0YlDelQHOGdxPOLwKFcg==;12578;BR8cvJdvR/+Fr+uLTTg3pA==;-
161050694;12570;Ue0YlDelQHOGdxPOLwKFcg==;12577;Df9IfaQCSr+TNo1uosa+jg==;-
161050694;12570;JlpHcDdASO+mZZY8MvjgiA==;12578;BR8cvJdvR/+Fr+uLTTg3pA==;-
161050694;12570;l/uamAmPTKSjPVuVOAN7Lw==;12577;Df9IfaQCSr+TNo1uosa+jg==;-
161050694;12570;fqACJ11IS7C4FrYbZwzs8w==;12576;Xelrv0n4Q9eFfdXcEYYX0w==;-
161050694;12570;fqACJ11IS7C4FrYbZwzs8w==;12577;Df9IfaQCSr+TNo1uosa+jg==;-
161050694;12570;fqACJ11IS7C4FrYbZwzs8w==;12578;BR8cvJdvR/+Fr+uLTTg3pA==;-
161050694;12570;fqACJ11IS7C4FrYbZwzs8w==;12579;pr9fKeC8Sbevpdw/SX4dXg==;-
161050694;12570;fqACJ11IS7C4FrYbZwzs8w==;12580;JNDFg6XgTBmdbCsGMchU5g==;-
161050694;12570;ZvBeyNqtT9WSEy1ouFOrog==;12576;Xelrv0n4Q9eFfdXcEYYX0w==;-
161050694;12570;tTiY1OgZRmGlWfzz3Uucsg==;12576;Xelrv0n4Q9eFfdXcEYYX0w==;-
161050694;12570;tTiY1OgZRmGlWfzz3Uucsg==;12577;Df9IfaQCSr+TNo1uosa+jg==;-
161050694;12570;tTiY1OgZRmGlWfzz3Uucsg==;12578;BR8cvJdvR/+Fr+uLTTg3pA==;-
161050694;12570;tTiY1OgZRmGlWfzz3Uucsg==;12579;pr9fKeC8Sbevpdw/SX4dXg==;-
161050694;12570;tTiY1OgZRmGlWfzz3Uucsg==;12580;JNDFg6XgTBmdbCsGMchU5g==;-
161050694;12570;tTiY1OgZRmGlWfzz3Uucsg==;12581;E8DN2vZyRk6OhiXWu4WrxQ==;-
161050694;12570;Ue0YlDelQHOGdxPOLwKFcg==;12576;Xelrv0n4Q9eFfdXcEYYX0w==;-
161901703;12569;SqQHIyq0ThaLs16XJA58qA==;12569;I7DtCgySRZqKThIZqpldZg==;-
161901703;12569;RMN2dUzKSA6rLGmv0GMVwA==;12569;iYhuwUDGSUeK8xPiUQedFQ==;-
161901703;12562;ndTwXmRaTl2kC/7L+jolHQ==;12562;+FrRMob1T3y0tI0jg5Bqtg==;-
161901703;12554;5Y+6kGTfQFaerrOWyJDY4g==;12554;C5lnICHnSDOo2p4u5PL20g==;-
161901703;12553;MvJLvc+sRmK7NgMVWXt9Tg==;12553;fwk0BPLsQHukoA/ZdXBEoA==;-
161901703;12546;ZAnFX/V2RfuqyX9PYsWBpg==;12546;L0TdGMItR9yamfn/qH/Vpw==;-
161901703;12538;5W8I1W8XS5aCL5Vuc4k/sA==;12538;xUi82366SOGIbm3H5eIw4g==;-
161901703;12538;u102NqiHQf2TsfXnRDa4zg==;12538;qiwZmzRrSeibZnZjbCQxtQ==;-
161901703;12537;FA8zhZCCQMCzSI7ZS0JADw==;12537;j/oTC5PzS+CVZtDwEnLDiQ==;-
161901703;12536;GD5gzNC7Sfuo1UBGmA7Yuw==;12536;ouWszeSMQIqVqjKdUqv3xg==;-
161901703;12531;0QWyJSWYRNOzWQHtBTmSuw==;12531;psBvQsvcRZqIV+MQI4kZJQ==;-
161901703;12511;SAiO9KIrR3i4S4HkJIrcww==;12511;5ue8OKmgS4OhT5jFONwd+w==;-
160191811;12506;OuB3T+eiRi+lMkej/Bj2Aw==;12503;SgkMv484SpaU4dcyQWBgVg==;-
158701602;12453;MVBJLn7VS92mqNAzZiiaCg==;12454;Y+pWg1ZTSvmCIcMX1kEM7g==;-
158701602;12453;MVBJLn7VS92mqNAzZiiaCg==;12455;4GBru8aJRg6mLheiYUKRig==;-
158701602;12450;4+vZx5TPQFySKXrL7MaYCw==;12451;iu7uDnxrRBKLTHL1O1I0cw==;-
158701602;12450;4+vZx5TPQFySKXrL7MaYCw==;12452;1v8XwzLXQRaEpsxnBW8SZA==;-
